description,input,output,bf_time,lbf_time,strat_time,bf_loops,lbf_loops,strat_lbf_loops,ns_count,hs_count,nd_count,hd_count,nt_count,ht_count,nq_count,hq_count,r_count
N/A,000000008003000400090020060000079000000061200060502070008000500010000020405000003,621943758783615492594728361142879635357461289869532174238197546916354827475286913,70.37257742881775,33.92065954208374,34.55560779571533,16863760,8118435,8101854,0,1,0,0,0,0,0,0,0
N/A,000000002008010900500003040000109300060030080003700000040000005301070800200000000,639847512478512963512693748724189356965234187183765294847921635351476829296358471,9.365834474563599,4.5240654945373535,4.647947549819946,2026783,1016240,1010218,0,1,0,0,0,0,0,0,0
N/A,002000700010000060500000018000037000000049000004102300003020900080000050600000002,832416795417985263596273418951837624328649571764152389173528946289364157645791832,48.02144956588745,22.997656106948853,14.410033464431763,10796387,5419642,3191420,0,1,0,0,0,0,0,0,2
N/A,000000007004020600800000310000002900040090030009506000010000008006050200700000060,963814527154327689827965314371482956645791832289536741512673498496158273738249165,99.37513256072998,49.57334017753601,49.92602014541626,21992072,10836590,10836590,0,0,0,0,0,0,0,0,0
N/A,004003000070080000208100006003000090080020000100700003000000450000800900009005008,594263871671584329238197546763418295985326714142759683816932457357841962429675138,6.646058797836304,3.457991123199463,2.604975700378418,1532235,793544,535098,0,2,0,0,0,0,0,0,0
N/A,006001000050030000900400007001000020030090000400500001300000680000300200002008003,826971354754836192913425867571643928238197546469582731347219685185364279692758413,19.508236169815063,10.258704662322998,7.2508955001831055,4415130,2290118,1544439,0,2,0,0,0,0,0,0,0
N/A,000000003001009060050080400000900080008670000010000200006007020030800500400000008,862714953741359862953286471374921685298675134615438297586147329137892546429563718,61.79727745056152,31.15686345100403,30.059353351593018,13258265,6812098,6766869,0,1,0,0,0,0,0,0,0
N/A,000000005006008700300000090000107040007000800040006000090080003001600400500020000,714963285926518734385274691238197546657342819149856327492785163871639452563421978,77.7360327243805,39.561768770217896,17.104291915893555,17446122,9312541,3837785,0,1,0,0,0,0,0,0,6
N/A,000005003009000040081040000000700000004002006800014030000000200040006007900050010,427165893539278641681349725216793458394582176875614932758431269143926587962857314,32.74597525596619,16.68282723426819,17.821991205215454,7534922,3884145,3883987,0,1,0,0,0,0,0,0,0
N/A,000005004090000020006070300000700800008600000130080000003010600020000005400000090,287935164394168527516472389645791832978623451132584976753219648829346715461857293,2.2128002643585205,1.339005708694458,1.2342069149017334,449928,254945,199482,0,0,0,0,0,0,0,0,4
N/A,000000006005001800090008070000802000003010200400503000060000090008300100700000004,187234956645791832392658471516872349873419265429563718264187593958346127731925684,1.825120449066162,0.8487398624420166,1.0484511852264404,371495,194152,194152,0,0,0,0,0,0,0,0,0
N/A,000000009006010702400000030000001200060020050002807000030000004008070600900100000,713642589896513742425798136389451267167329458542867391631285974258974613974136825,136.7338719367981,67.01100420951843,65.94817161560059,30739432,15538018,14680266,0,1,0,0,0,0,0,0,0
N/A,006000001080007050900050800000004000040030020000208000003070009070000080100000603,756843291481927356932651847298764135647135928315298764863472519579316482124589673,127.78426122665405,68.5368664264679,24.997174978256226,29316199,15488693,5711980,0,1,0,0,0,0,0,0,0
N/A,000000002008009100500000040000907000007030800000801030040060005009700300200000000,194583672628479153573216948382947561417635829956821437741368295869752314235194786,31.956082820892334,16.683025360107422,12.717992067337036,7357464,3708894,2648800,0,1,0,0,0,0,0,0,4
N/A,000000007002009600800060003000092000004600500010054000005040900030000070100000008,963215847742389615851467293578192364294673581316854729685741932439528176127936458,70.80813574790955,36.310723066329956,33.955347537994385,15464931,7916432,7626468,0,0,0,0,0,0,0,0,2
N/A,000000024003000700410070006000003000005090800000805000200040009007000400960000010,576938124823614795419572386782463951645791832391825647238146579157289463964357218,2.611191749572754,1.7367868423461914,1.6191558837890625,701341,373746,279649,0,1,0,0,0,0,0,0,0
N/A,000000058006000700840070003000001000009020100000609000500080002007000800230000040,973216458156348729842975613624851397389724165715639284561483972497562831238197546,75.06500148773193,43.074065923690796,29.760208129882812,18001000,9795259,7198956,0,1,0,0,0,0,0,0,0
N/A,006000000030007001107000000000000090300006005050800200003005006000200040040090800,596312784834957621127648359762534198389126475451879263273485916918263547645791832,1523.2391169071198,793.7721457481384,807.816312789917,354703151,186564758,186564758,0,0,0,0,0,0,0,0,0
N/A,000000005008007900060010040000102070400070003070600000030020060005000800900000007,194863725328457916567219348859132674416975283273684591731528469645791832982346157,6.481518268585205,3.52384614944458,3.34617280960083,1377078,677937,677937,0,0,0,0,0,0,0,0,0
N/A,000000006002000040010007980000790000080050000003008010006000020090005100400000008,859134276762589341314267985645791832187352694923648517576813429298475163431926758,31.911080360412598,17.020911931991577,16.797025203704834,8124822,4409851,4128395,0,2,0,0,0,0,0,0,0
N/A,000060009006003500040050070000002000000800000002010800005000300090030010710000004,257168439986743521341259678869572143134896752572314896425981367698437215713625984,34.543911933898926,21.809211254119873,3.6599905490875244,9077616,5449974,991603,0,1,0,0,0,0,0,0,0
N/A,000000007002000600080010090000901030300080004090005000030090040007000200600500000,963458127142379685785612493576941832321786954894235761238197546457863219619524378,43.99624180793762,21.709174156188965,19.595916509628296,10706274,5193747,4760701,0,1,0,0,0,0,0,0,0
N/A,000000002007000100030090040000009060600030405040008000060040050002000700100800000,416583972957624138238197546821459367679231485345768219763942851582316794194875623,6.181090354919434,3.128819227218628,2.1141374111175537,1540671,749680,511326,0,1,0,0,0,0,0,0,0
N/A,000006000000508000008090500000070004007600200010020030002000600040060090390000001,574236918961548327238197546823975164457613289619824735182459673745361892396782451,210.79614853858948,101.71731352806091,52.28700375556946,52912032,25097643,13069456,0,1,0,0,0,0,0,0,0
N/A,001000000050006001607000000000001003000405080090020050005003007000080040030500200,921354678853276491647819532584691723172435986396728154215943867769182345438567219,73.67217707633972,35.41181659698486,9.645397663116455,19189695,9115823,2438772,0,3,0,0,0,0,0,0,1
N/A,000000006009000400010070080000701030108030500030002000080020010006000900400300000,872149356369258471514673289645791832128436597937582164783924615256817943491365728,39.973655223846436,19.73052668571472,19.734559059143066,9850624,4795978,4795976,0,1,0,0,0,0,0,0,0
N/A,000000007009050200100006080000500600090000030006402000080600000004020900700000061,263189547849357216157246389478513692592768134316492758981675423634821975725934861,0.6050162315368652,0.28701186180114746,0.35208654403686523,143649,71970,59600,0,3,0,0,0,0,0,0,1
N/A,000000007001009080030600509090025000000060000300900040007000091020500300800000000,945813627671259483238647519194325768782164935356978142567432891429581376813796254,27.94588327407837,15.087001085281372,11.108160734176636,6974514,3866569,2768371,0,3,0,0,0,0,0,0,1
N/A,000000006005008090030400700004910000000080040500004200001009050060000403700000000,492537186175628394836491725324915867617283549589764231241379658968152473753846912,21.41402006149292,11.79805588722229,11.631961822509766,5355961,2945742,2936425,0,3,0,0,0,0,0,0,1
N/A,000007008030020090008400300006000000080500600504000000000090802010000070800300400,459137268731628594268459317976283145183574629524916783645791832312845976897362451,23.73599076271057,12.970038890838623,12.692342042922974,6051395,3340992,3266858,0,1,0,0,0,0,0,0,0
N/A,009000000060003000100070005400052007000006040030900000200000010000020570004800002,349185726765293184128674935491352867852716349637948251273569418986421573514837692,2.1917009353637695,1.0880088806152344,0.9461033344268799,592283,290968,209812,0,1,0,0,0,0,0,0,3
N/A,000006005010000020009030400000070000004809000800403900007080300050000010200000006,782946135413758629569231487391572864674819253825463971147685392956324718238197546,11.303840160369873,5.930009603500366,6.016076564788818,2869521,1470741,1466667,0,0,0,4,0,0,0,0,0
N/A,000004000002030000050700009004002080098500006300000000080000790000800060005010008,769254813842139657153786249574362981298541376316978524681423795437895162925617438,10.022175073623657,4.778846740722656,3.307971239089966,2500658,1224955,841500,0,1,0,0,0,0,0,0,0
N/A,200000006050080010004000900070301000000820000000705030009000400080010050600000002,238197546957684213164253978576341829341829765892765134729536481483912657615478392,9.375382900238037,4.840591669082642,4.790059566497803,2530309,1253493,1253493,0,0,0,0,0,0,0,0,0
N/A,000000006005030700200008010000900800050080040008703000010300000007090500600000002,374512986185639724296478315461925837753186249928743651512367498847291563639854172,10.874471426010132,5.343608140945435,5.429938793182373,2686078,1342707,1278644,0,1,0,0,0,0,0,0,3
N/A,000001007000060020800900300095400003003000400400000080000007006010020000500300900,346251897759863124821974365195486273683712459472539681238197546914625738567348912,4.88606595993042,2.5180299282073975,1.7591731548309326,1165886,644049,453248,0,1,0,0,0,0,0,0,0
N/A,000000008003090400600007010000509700030000020007400000000700006004050300810000000,942316578173895462658247913281569734439178625567423891395782146724651389816934257,24.857160806655884,12.285769701004028,9.572914361953735,6279906,3140590,2385472,0,2,0,0,0,0,0,0,2
N/A,000001000007020000090608005001007000060900004209000000000800059080000400006030008,645791832817325946392648175451287693768913524239564781124876359983152467576439218,14.068029165267944,7.503964424133301,8.22211742401123,3728728,1945055,1945055,0,0,0,0,0,0,0,0,0
N/A,000000009001000600050070040000407080003080005080002000078020050039000100600000000,327864519491235678856179243962457381713986425584312796178623954239548167645791832,4.193065166473389,2.300175189971924,2.0980892181396484,1084657,542678,528652,0,1,0,0,0,0,0,0,0
N/A,000000003001005600090040070000009050700000008050402000080020090003500100600000000,562987413471235689398146275236819754714653928859472361187324596923568147645791832,78.11574912071228,38.52915120124817,31.49997615814209,19844346,9721211,7907061,0,1,0,0,0,0,0,0,0
N/A,004000009010003070600000200000008000050030080000105000002000004070300010900070600,524687139819423576637519248143768925756932481298145367362851794475396812981274653,38.351141929626465,22.257107734680176,15.185823917388916,10005564,5676590,3925571,0,1,0,0,0,0,0,0,0
N/A,000006000001020003030800070006000005050300700200001000000090040005000980090400007,587936214961724853432815679316287495854369721279541368723198546145673982698452137,17.18705177307129,8.6922447681427,9.407833099365234,4491581,2300998,2296254,0,1,0,0,0,0,0,0,0
N/A,008000500040002090700000003020004000000930000000201060500000008010600020003000700,238197546645382197791546283329764851156938472487251369572419638814673925963825714,15.872982740402222,8.37717318534851,8.669878005981445,4134358,2201130,2201130,0,0,0,0,0,0,0,0,0
N/A,000005000003070008090800040005000002080600400700030000002000690004000100010900004,268345719453179268197826543645791832389652471721438956832514697974263185516987324,4.867141962051392,2.574963092803955,1.4529244899749756,1257240,633170,336095,0,1,0,0,0,0,0,0,0
N/A,003000500070004060800000009040007000000450000000201070500000003010700020009000800,293176584175984362864325719342867951781459236956231478527648193418793625639512847,26.910926818847656,15.53800344467163,14.642089128494263,6919808,3673562,3673562,0,0,0,0,0,0,0,0,0
N/A,000000002001000700030050090000006040003040800040509000090060030002000100700003000,985374612421698753637251498279836541513742869846519327198467235362985174754123986,129.67023992538452,65.29300379753113,64.62538266181946,32432404,16588009,16587282,0,1,0,0,0,0,0,0,0
N/A,008000000050008001109040000000030000005009004040600070000000600500004029020070030,238197546754268391169543782697432158315789264842651973483925617576314829921876435,15.86376690864563,8.343413591384888,6.030565500259399,4102773,2194710,1532528,0,1,0,0,0,0,0,0,0
N/A,005000700080006040900000002040003000000650000000408010200000009010800030007000500,435289761182576943976134852648913275321657498759428316263745189514892637897361524,30.15130591392517,15.971231460571289,16.28502368927002,7803728,4107649,4107649,0,0,0,0,0,0,0,0,0
N/A,008000300070009040100000002060004000000980000000706050200000001090400060003000800,958247316672319548134865972367154289415982637829736154286573491591428763743691825,50.43360638618469,27.08099603652954,26.178342580795288,12870073,6807409,6807409,0,0,0,0,0,0,0,0,0
N/A,009000400070300020800060007100800006000010070000056000300005001040000090002000700,239187465675394128814562937123879546456213879798456312367945281541728693982631754,3.8642396926879883,2.16463303565979,2.1258888244628906,992924,517779,517779,0,0,0,0,0,0,0,0,0
N/A,100000009040003080002000600070058000000020000000704050006000200030800070900000001,168275349749613582352489617674958123895321764213764958486137295531892476927546831,26.7670476436615,14.519339799880981,14.219752311706543,6888348,3775750,3775750,0,0,0,0,0,0,0,0,0
N/A,002000600040005010300000008090004000000520000000107040800000003050700090006000200,182379654649285317375416928591634782764528139238197546827951463453762891916843275,2.5372061729431152,1.3835563659667969,1.5155174732208252,682554,346265,346265,0,0,0,0,0,0,0,0,0
N/A,009000700010006080300000004020005000000890000000602010400000003080200050007000900,869524731214736589375981624726415398541893276938672415492157863683249157157368942,61.23708200454712,33.12823152542114,33.632633447647095,15928676,8576659,8576659,0,0,0,0,0,0,0,0,0
N/A,500000009020100070008000300040600000000050000000207010003000800060004020900000005,536472189429183576178965342741698253682351497395247618253719864867534921914826735,38.988083600997925,20.803039073944092,20.32590889930725,10197468,5482513,5315551,0,0,0,8,0,0,0,0,0
N/A,300000008070500010006000400090201000000040000000970020400000300050002070008000006,325714968974586213186329457593261784762845139841973625417658392659432871238197546,37.90013766288757,20.254031658172607,20.470268487930298,9823382,5418889,5418889,0,0,0,0,0,0,0,0,0
N/A,900000005040300060002000100080740000000020000000806070100000900030007040005000002,973461825841352769652978134386749251417523698529816473164235987238197546795684312,64.15785360336304,35.94431924819946,34.12593674659729,16845952,9180992,9180992,0,0,0,0,0,0,0,0,0
N/A,000000039000001005003050800008090006070002000100400000009080050020000600400700000,751846239892371465643259871238197546974562318165438927319684752527913684486725193,12.40890908241272,6.231980562210083,5.9530253410339355,3040223,1480778,1480778,0,0,0,0,0,0,0,0,0
N/A,300000002080070010006900000050704000000000008000510070009000300010040080200000006,397451862582376419146982735851724693724639158963518274479865321615243987238197546,31.30821394920349,16.432825803756714,16.838995456695557,8092979,4281170,4281170,0,0,0,0,0,0,0,0,0
N/A,300000005070008060002000900010006000000820000000107040009000200080600010500000003,396214875175938462842765931917546328654823197238197546769381254483652719521479683,33.47200894355774,17.914103507995605,17.617811918258667,8418242,4444886,4444886,0,0,0,0,0,0,0,0,0
N/A,300000001040002070005000800000076040000050000060209000100000500070600090008000003,389467251641582379725193864953876142217354986864219735136948527572631498498725613,20.435437440872192,10.981776475906372,10.614363670349121,5204717,2795421,2795421,0,0,0,0,0,0,0,0,0
N/A,500000007080009030004000200010036000000040000000108060002000400090300010700000005,529683147187429536364517298915736824876942351243158769652891473498375612731264985,17.163633584976196,9.173954963684082,9.64889645576477,4341617,2388913,2388913,0,0,0,0,0,0,0,0,0
N/A,000090050010000030002300700004500070800000200000006400090010000080060000005400007,743892156518647932962351748624589371879134265351276489496715823287963514135428697,82.29216527938843,40.99201440811157,19.381049633026123,21544329,11080862,5064473,0,0,0,0,0,0,0,0,9
N/A,100000002000010030005003400002001004000080700600900000001005040800000500900060000,136549872428617935795823416582371694349286751617954283261795348874132569953468127,1.8762433528900146,0.998476505279541,0.9924798011779785,462701,236493,212001,0,1,0,0,0,0,0,0,0
N/A,100000000020400060003000501040086000000049080000200000507000300060900040000000007,186572439925431768473698521742386915651749283839215674517824396368957142294163857,19.314857959747314,10.062973022460938,8.810115337371826,4890831,2533537,2276279,0,4,0,0,0,0,0,0,0
N/A,000000009100000035009030800003050006700002000000400000006080090020700600400000100,534817269187926435269534817843159726715362948692478351376281594921745683458693172,44.21815276145935,23.25484848022461,22.70804762840271,11163057,5767270,5767270,0,0,0,0,0,0,0,0,0
N/A,100000005020400060003000700090004000000009080802600000000050100060900020007000003,174863295529417368683592714396184572751329486842675931238756149465931827917248653,17.034167766571045,9.440916538238525,9.186129570007324,4373568,2345059,2345059,0,0,0,0,0,0,0,0,0
N/A,000000039080000005009060800005090006700002000000400000003080050020700600400000100,176548239382971465549263871215897346764352918938416527693184752821735694457629183,3.6226701736450195,1.8902664184570312,2.0169427394866943,945728,487529,437085,0,1,0,0,0,0,0,0,6
N/A,100000007020400060003000500090040000000062040000900800005000003060200080700001000,159826437827453961643719528291348756578162349436975812915684273364297185782531694,23.80454993247986,12.283594608306885,12.18490743637085,5996943,3061613,3061613,0,0,0,0,0,0,0,0,0
N/A,100000002020000060003400500000805000008030900000904000005003400070000010600000007,157396842429758163863412579791865234248137956536924781915673428374289615682541397,35.12241578102112,17.861831665039062,18.263920783996582,8907613,4586447,4586447,0,0,0,0,0,0,0,0,0
N/A,020400700000000032000000094090200070006005000800010000501008000030900007000000600,925431786684579132317682594193264875746895321852317469561728943438956217279143658,37.62222409248352,19.40572452545166,18.196223258972168,9227157,4720064,4403732,0,0,0,0,0,0,0,0,4
N/A,100000002020000060003400500000805000008030900000904000005300400060000007700000010,156798342824153769973462581697825134418637925532914678285371496361249857749586213,20.19697642326355,10.35593056678772,10.001075744628906,4952143,2550500,2550500,0,0,0,0,0,0,0,0,0
N/A,000056700000100000600370000004000001300060900080000020500007300002000008010000040,123456789457189236698372415264935871371268954985741623546817392732594168819623547,0.018060684204101562,0.024991750717163086,0.0659787654876709,4717,2355,2355,0,0,0,0,0,0,0,0,0
N/A,000000093080000005003060800005090006700002000000400000009080050020700600400000100,167825493984317265253964817345198726716532948892476531679281354521743689438659172,5.000075817108154,2.497945785522461,2.0388693809509277,1223268,633671,419946,0,1,2,5,0,0,0,0,4
N/A,100000007020400060003000500090082000000090080000600400005000100060800020700003000,186359247529417863473268519694582731312794685857631492235946178961875324748123956,23.229146718978882,11.939197778701782,9.870805263519287,6033819,3130836,2448439,0,1,0,0,0,0,0,0,0
N/A,000000010006000023020030400800005000030010004009600000000900700010020040500008000,973452618486197523125836497841375269637219854259684371362941785718523946594768132,108.70619988441467,50.7459397315979,51.8573157787323,26897692,12921246,12921246,0,0,0,0,0,0,0,0,0
N/A,000000089000001035003050000005060008070002000100400000006090050020700600400000000,564327189897641235213958467345169728679582314182473596736294851928715643451836972,13.500426769256592,6.279338836669922,6.498063325881958,3088579,1523355,1518909,0,0,0,0,0,0,0,0,4
N/A,000000012000000003002300400001800005060070800000009000008500000900040500470006000,839465712146782953752391486391824675564173829287659341628537194913248567475916238,47.37422227859497,23.601948738098145,15.444143295288086,11147408,5654518,3862234,0,1,0,0,0,0,0,0,0
N/A,000100008700000009003090500009030005000002300000400600006080050470001000200000000,592163478761548239843297516129736845654812397387459621916384752475621983238975164,2.526724100112915,1.3731532096862793,1.4973206520080566,568998,292313,292311,0,0,0,0,0,0,0,0,4
N/A,000001039000000005003050600008090006700002800100400000009080050020000000400700000,567841239942376185813259674238597416754612893196438527679184352321965748485723961,7.720700740814209,3.1850380897521973,3.080010175704956,1616563,751744,659499,0,1,0,0,0,0,0,0,2
N/A,000000007020400060100000500090002040000800600600900000005003000030080020700004001,854369217327451968169278534598612743412837659673945182245193876931786425786524391,82.33511328697205,41.84301471710205,41.27812123298645,20603393,10744345,10444321,0,0,0,7,0,0,0,0,0
N/A,000200008700000009003090500008030005100000300000400600006080050070001000200004000,965243718782516439413798526628137945194865372537429681346982157879351264251674893,59.197959661483765,30.551172018051147,30.67117142677307,14675919,7723347,7723198,0,0,0,0,0,0,0,0,4
N/A,000100008070000009003090500008030005700002300000400600006080050400001000200000000,694125738571863249823794516148637925765912384932458671316289457459371862287546193,15.011049032211304,6.9848313331604,6.3970866203308105,3550789,1639994,1460187,0,0,0,0,0,0,0,0,5
N/A,010000008070004009003090500008030005020000300000400600006080050200001000000700000,912563478675814239483297516768132945524976381391458627146389752257641893839725164,10.252959966659546,5.26400351524353,5.683049440383911,2400769,1240345,1240326,0,0,0,0,0,0,0,0,4
N/A,500000009020100070008000300040002000000050000000706010003000800060004020900000005,514673289326189574798425361149832657687951432235746918453217896861594723972368145,4.373866319656372,2.272587776184082,2.4265475273132324,879818,476874,463692,0,0,0,8,0,0,0,0,0
N/A,900004000030060070005000800020106000000070003000200010008000900070010060400000005,987324651231568479645791832723186594164975283859243716318652947572419368496837125,26.664026021957397,11.354050636291504,13.783471584320068,5744891,2940278,2886328,0,0,0,4,0,0,0,0,0
N/A,100050009000000030079000000007010006500004200600800000005060007000002040000300800,123456789456789132879231564287913456531674298694825371345168927718592643962347815,0.06397891044616699,0.034987688064575195,0.0969691276550293,4877,2294,2234,0,2,0,0,0,0,0,0,0
N/A,000100008700000009006090500008060005000002300070400600003080050020001000040000000,952136478731845269486297513218763945564912387379458621193684752625371894847529136,30.5494647026062,14.880178928375244,15.719746112823486,6633756,3206152,2954013,0,0,0,0,0,0,0,0,5
N/A,000000010000004032020030500000007000040020005008900400007800600030010050900000000,473582916865194732129736584391457268746328195258961473517843629634219857982675341,179.1295084953308,96.28509736061096,98.51507949829102,43979177,23189888,23189888,0,0,0,0,0,0,0,0,0
N/A,700004008010000009006090500008060005000002300000400600003080050200001000000700000,739514268512836749846297513428163975651972384397458621173689452265341897984725136,4.377502679824829,2.222700595855713,2.6912789344787598,1107276,559240,559238,0,0,0,0,0,0,0,0,4
N/A,100000002090400050006000700050903000000070000000850040700000600030009080002000001,174385962293467158586192734451923876928674315367851249719548623635219487842736591,10.907572746276855,6.6929826736450195,6.214086055755615,2619834,1406817,1406817,0,0,0,0,0,0,0,0,0
N/A,120300000400050000006001700500200000030010040001006800009000070000100900000009068,127348596493657182856921734568294317732815649941736825289563471674182953315479268,5.285082817077637,2.6122775077819824,2.7857134342193604,1049367,548330,548330,0,0,0,0,0,0,0,0,0
N/A,120300000300040000005002300500006100000000090006700008050001600000900040000080007,124368759367549821985172364543896172871253496296714538759421683618937245432685917,8.789841651916504,3.29702091217041,2.51619553565979,1742880,848860,583895,0,1,0,0,0,0,0,0,0
N/A,003000000050400080100000007090080000000094060506200000000000003060900040007020100,683157429759432681124869537492786315831594762576213894218645973365971248947328156,72.3160970211029,41.50309228897095,19.497029542922974,18392686,10094363,4709331,0,1,0,0,0,0,0,0,5
N/A,000200008710000009006090500008060005000002300040000600009030050400001000000007000,935216478714385269826794513278163945691542387543879621169438752457921836382657194,14.442224025726318,7.803185939788818,6.669682264328003,3484405,1816405,1452268,0,0,0,5,0,0,0,0,8
N/A,120300000400000300003050000004200500000080009060005070001500200000090060000007008,125374896479618325683952714714269583532781649968435172891546237257893461346127958,32.53104305267334,15.525136709213257,15.213900566101074,7913820,3646382,3646382,0,0,0,0,0,0,0,0,0
N/A,020050700400100006800003000200008003040020500000600010002090000090000005704000900,123456789457189236869273154271548693346921578985637412512394867698712345734865921,0.00700831413269043,0.01999211311340332,0.05498361587524414,1983,1001,1001,0,0,0,0,0,0,0,0,0
N/A,003006080000100200000070004009008060030040001070200000300005000005000600980000050,123456789457189236896372514249518367538647921671293845364925178715834692982761453,0.017996788024902344,0.02399134635925293,0.07497596740722656,4793,2495,2452,0,1,0,0,0,0,0,0,0
N/A,100000009006700020080000400000075030005002000060300000090000800600040001002500060,123456789456789123789123456214975638375862914968314275591637842637248591842591367,0.008995771408081055,0.019992828369140625,0.05607008934020996,2336,1179,1179,0,0,0,0,0,0,0,0,0
N/A,000400080007009200000030005260001000001900000070000100500000040010800003006002900,123456789457189236689237415268571394341968572975324168592613847714895623836742951,0.03598809242248535,0.040986061096191406,0.10194873809814453,10252,5602,5602,0,0,0,0,0,0,0,0,0
N/A,003400080000000103700000000200090000000500800060007040005100008070005000900062050,123456789456789123789231564214698375397524816568317942645173298872945631931862457,0.059983253479003906,0.05400538444519043,0.16817235946655273,10930,5605,5603,0,0,0,0,0,0,0,0,2
N/A,100050009007000200069003040000800000000910070900005008300500001002000600040000000,123456789457189236869723145215837964638914572974265318396578421582341697741692853,0.11696267127990723,0.0759592056274414,0.11096429824829102,26211,13882,13882,0,0,0,0,0,0,0,0,0
N/A,000056080050700003008000000200000900040500007000092060304000001500100400010000070,123456789456789123798231645235674918649518237871392564364927851587163492912845376,0.17494511604309082,0.08397555351257324,0.1591191291809082,36323,17353,10038,0,0,0,0,0,0,0,0,2
N/A,100056000007100000009000010040060300000008002900700060000002400500600090000030008,123456789457189236869273514248965371675318942931724865316892457582647193794531628,0.03998732566833496,0.03398895263671875,0.2249133586883545,10523,4901,4858,0,0,0,0,0,0,0,0,4
N/A,000400080007009200000030005260001000001900000700000100500000040006002900900800003,123456789457189236689237415268571394341968572795324168512693847836742951974815623,0.047000885009765625,0.04097414016723633,0.10311245918273926,13104,6962,6057,0,1,0,0,0,0,0,0,0
N/A,100006000057100000090070010008000000000008902900500060000042003030000400700600090,123456789457189236896273514268394157315768942974521368581942673639817425742635891,0.01599597930908203,0.04197335243225098,0.08898663520812988,3853,1895,1895,0,0,0,0,0,0,0,0,0
N/A,020400000400080006009003100200500070095000000070000300002900040000001003000060800,123456789457189236689723154216534978395817462874692315532978641768241593941365827,0.0369873046875,0.0329744815826416,0.08214259147644043,9427,4704,4531,0,1,0,0,0,0,0,0,0
N/A,003006080400100200090000004070008000035000000900030005009040007000002010000800600,123456789457189236698723154274568391835917462961234875389641527546372918712895643,0.05897998809814453,0.04898500442504883,0.10101914405822754,15621,8402,8304,0,1,0,0,0,0,0,0,0
N/A,020400700050009030600070000005008090700020000040600300000001008500000010001000903,123456789457189236689372145215738694736924851948615372374291568592863417861547923,0.08395671844482422,0.07897138595581055,0.12099480628967285,17040,8795,8751,0,1,0,0,0,0,0,0,0
N/A,000400009000080200600003010010007000700600500030000070300005020002900800000020004,123456789457189236698273415215397648784612593936548172341865927572934861869721354,0.07400298118591309,0.05799269676208496,0.15205740928649902,13991,7276,7206,0,0,0,0,0,0,0,0,2
N/A,100006700050700003008000004040500300000020090000000045070900030600010000002008000,123456789456789123798231564249567318315824697867193245571942836684315972932678451,0.05998396873474121,0.04402017593383789,0.09298372268676758,14676,7455,7406,0,1,0,0,0,0,0,0,0
N/A,103000009007109000090000040010007003000020800000500060000060500600800020070004000,123456789457189236896372145218647953564923871739518462382761594641895327975234618,0.016995906829833984,0.022989749908447266,0.059996604919433594,4142,1976,1976,0,0,0,0,0,0,0,0,0
N/A,003006700050080000090100000000090010007003200800500040370000400000004006004000072,123456789456789123798132564245697318617843295839521647372968451581274936964315872,0.003998994827270508,0.01598072052001953,0.05305624008178711,790,384,384,0,0,0,0,0,0,0,0,0
N/A,100000002009400050060000700000890040000306000008040000020000100700000006005080030,154739862879462351362518794516897243497326518238145679923674185781953426645281937,33.2316734790802,16.31352949142456,16.641753911972046,7876297,4219230,4219230,0,0,0,0,0,0,0,0,0
N/A,600000002090400050001000700050084000000020000000305040200000600030009080007000001,674853912392417856581692734759184263413926578826375149248731695135269487967548321,39.27015161514282,20.297245979309082,21.020788431167603,9871954,5256437,5256437,0,0,0,0,0,0,0,0,0
N/A,100000002090400050006000700050304000000060000000058040002000600030009080700000001,174835962293476158586192734957324816428961375361758249812547693635219487749683521,26.36804175376892,14.019038677215576,13.49204421043396,6287780,3345406,3345406,0,0,0,0,0,0,0,0,0
N/A,100000002030400050006000700050904000000023000000800090002000600090008040700000001,145687932937412856826539714658974123479123568213856497582341679391768245764295381,4.769058465957642,2.7648558616638184,2.378211736679077,1121240,589628,589628,0,0,0,0,0,0,0,0,0
N/A,100000002030400050006000700050804000000029000000300090007000001090008040200000600,179583462832476159546192738951864273368729514724351896487635921695218347213947685,22.373788356781006,12.312127113342285,13.29090690612793,5534500,3055350,3055350,0,0,0,0,0,0,0,0,0
N/A,100000002090400050006000700050304000000960000000008040002000600030009080700000001,174835962293476158586192734957324816428961375361758249812547693635219487749683521,18.52924156188965,10.072010040283203,9.702536582946777,3965136,2076368,2076368,0,0,0,0,0,0,0,0,0
N/A,100000002030400050006000700050803000000070000000950080700000600090008030002000001,175689342238417956946532718659823174823174569417956283784391625591268437362745891,43.541372776031494,22.981990098953247,21.305158376693726,9627016,5299516,5299516,0,0,0,0,0,0,0,0,0
N/A,100000002003400050060000700000850090000306000008090000020000100700000006009080030,157968342293417658864235719672851493941326875538794261326579184785143926419682537,12.244073390960693,7.253883361816406,5.714222192764282,3142083,1681940,1399527,0,0,0,6,0,0,0,0,0
N/A,100000002030400050006000700050804000000073000000900080700000600040008090002000001,174395862238467159596182734351824976829673415467951283713549628645218397982736541,0.612811803817749,0.3300158977508545,0.48404955863952637,153526,80026,80011,0,0,0,6,0,0,0,0,0
N/A,100000002003400050060000700000030040000806000009540000020000100700000006005090080,157968432283471659964253718672139845541826973839547261326785194798314526415692387,32.09000492095947,15.744050979614258,10.049013376235962,7057090,3620664,2596930,0,0,0,0,0,0,0,0,2
N/A,001000500020400060300007000060280000000090020000000406500000100090800040007000003,671328594829415367354967812765284931413596728982731456538642179196873245247159683,5.448951482772827,2.4870641231536865,2.5981709957122803,1305653,653434,650728,0,0,0,0,0,0,0,0,2
N/A,100000002030400050006000700050803000000074000000900080700000600090008030002000001,175689342238417956946532718659823174823174569417956283784391625591268437362745891,33.731099367141724,16.08273196220398,16.783111095428467,8069337,4215582,4215582,0,0,0,0,0,0,0,0,0
N/A,000100009000000085009050060005030006070002000100400000003080090020007300400000000,654128739237649185819753462945831276376592814182476953763284591521967348498315627,10.529008626937866,5.039927959442139,4.961021900177002,2482358,1194701,1194701,0,0,0,0,0,0,0,0,0
N/A,000000035000002060003050080005090006070000900100400000006080090020100000400007000,642918735587342169913756284235891476874625913169473852756284391328169547491537628,6.50094747543335,3.1359872817993164,3.1620991230010986,1281415,628494,628494,0,0,0,0,0,0,0,0,0
N/A,100000080000009130000000506007040000300001050060200000500008900040070000002600000,123456789456789132789132546217543698394861257865297413571328964648975321932614875,0.00998830795288086,0.020992517471313477,0.19393539428710938,2623,1274,1093,0,0,0,6,0,0,0,0,0
N/A,300009700060040000001800000500000093000003270000000008004010000200007050080600000,358269714762341985491875632527186493846953271139724568674518329213497856985632147,19.128629207611084,8.977154016494751,9.61693549156189,4969897,2475094,2462537,0,0,0,6,0,0,0,0,0
N/A,000000080006000120000200605001500900800003000040070000300008000002100006070040000,123456789456789123798231645231564978867913254945872361314628597582197436679345812,0.007996320724487305,0.018993139266967773,0.1429600715637207,2177,1049,966,0,0,0,4,0,0,0,0,0
N/A,100000002003400050060000700000030040000506000008940000020000100700000006005080090,157869432293471658864253719672138945941526873538947261326795184789314526415682397,25.83375334739685,14.35344386100769,10.41068696975708,6579400,3444802,2555420,0,0,0,0,0,0,0,0,2
N/A,120300004350000100004000000005400200600070000000008090003100500000009070000060008,126395784359847162874621953985416237631972845247538691763184529418259376592763418,5.544227838516235,2.52319598197937,2.9570491313934326,1384662,653893,653893,0,0,0,0,0,0,0,0,0
N/A,000000009400009200000070045001030000070600900800007002030700800006010000900005020,123456789457189236689273145291538674374621958865947312532794861746812593918365427,0.010996103286743164,0.01999354362487793,0.05598139762878418,2841,1404,1404,0,0,0,0,0,0,0,0,0
N/A,000400009050009030000000105200800000006040000010005300004200070800067000070000003,123456789457189236689372145245893617396741528718625394564238971831967452972514863,0.0049991607666015625,0.01699686050415039,0.10596060752868652,1116,542,533,0,2,0,0,0,0,0,0,0
N/A,100050080007000006080300500200000010006000007090003800000904000040030900000800020,123456789457189236689372541238597614516248397794613852365924178842731965971865423,0.0269930362701416,0.029989957809448242,0.0659794807434082,7677,3938,3938,0,0,0,0,0,0,0,0,0
N/A,003050700400009000080200000200000040090800000001060500000501600000070003006000057,123456789457189236689237415265713948794825361831964572378591624542678193916342857,0.002998828887939453,0.016994953155517578,0.05198526382446289,832,407,407,0,0,0,0,0,0,0,0,0
N/A,003400700000009006000020010008004001300000800570800000000008090800060002005300100,123456789457189236689723415298674351314295867576831924742518693831967542965342178,0.04197096824645996,0.04898405075073242,0.07897329330444336,10427,5656,5656,0,0,0,0,0,0,0,0,0
N/A,003006080000100006060720000010007008004000600500300900030002007001000400900000050,123456789457189236869723514216597348394218675578364921635842197781935462942671853,0.007997751235961914,0.01899242401123047,0.08697319030761719,1532,732,729,0,0,0,0,0,0,0,0,1
N/A,000006000000700020009030500005090840800200006000000070390040000500000400004001008,123456789456789123789132564265397841847215936931864275392548617518673492674921358,0.018006324768066406,0.023991107940673828,0.3858628273010254,2446,1271,1193,0,1,0,0,0,0,0,0,3
N/A,003000700400080006090000010000000600600004008001600390070002000500800002000045000,123456789457189236896237514285391647639574128741628395378962451564813972912745863,0.1319599151611328,0.11696243286132812,0.15994977951049805,26871,13883,13883,0,0,0,0,0,0,0,0,0
N/A,100400000007080006090000410000003000030800900005060007002000000500008002070020650,123456789457189236698372415214793568736845921985261347362517894549638172871924653,0.10497927665710449,0.05398297309875488,0.2389237880706787,18167,8984,8984,0,0,0,0,0,0,0,0,2
N/A,003400000050009000600020100200060001040500060006003000009000607000000802800070010,123456789457189236698327145235864971741592368986713524319248657574631892862975413,0.003998279571533203,0.06497955322265625,0.11196398735046387,584,292,292,0,0,0,0,0,0,0,0,0
N/A,020006700400080030000200000000000005300040010005007600034008090081090400900000000,123456789457189236698273541249861375376542918815937624534628197781395462962714853,0.9307167530059814,0.4788327217102051,0.46686816215515137,225327,106986,106986,0,0,0,0,0,0,0,0,0
N/A,000000709400009030080000405001800000060020000700005300500007003070600000002010070,123456789457189236689372415291834567365721948748965321516247893874693152932518674,0.11896085739135742,0.12096500396728516,0.1109626293182373,30946,15559,15559,0,0,0,0,0,0,0,0,0
N/A,100006700050100006009000010005008300700500090030000000000040002500600070004020800,123456789457189236869273514215968347746532198938714625371845962582691473694327851,0.27292585372924805,0.14495420455932617,0.21992707252502441,72101,35314,35309,0,0,0,0,0,0,0,0,1
N/A,100006000050000006009070010004010070300800000080005300000004020000020907002700100,123456789457189236869372514294613875315897462786245391571934628638521947942768153,0.020992279052734375,0.02497553825378418,0.07399225234985352,5717,2809,2423,0,1,0,0,0,0,0,0,0
N/A,100000700050080003700201000060005000305800006000060400002900300000000090030040008,123456789456789123798231645264195837375824916819367452542978361687513294931642578,0.11595773696899414,0.06896615028381348,0.10397887229919434,30080,14498,14498,0,0,0,0,0,0,0,0,0
N/A,000050780006009002700000000030000050000830200001002006060000004004100920900004000,123456789456789132789213645237691458645837291891542376362975814574168923918324567,0.0069980621337890625,0.01699686050415039,0.4098541736602783,1572,723,723,0,0,0,0,0,0,0,0,5
N/A,020050080007109000600000000000500040040000008000040302001007006060020030900600800,123456789457189263698273514219538647345762198876941352581397426764825931932614875,1.1826224327087402,0.5978255271911621,0.7137722969055176,284869,154439,154424,0,0,0,0,0,0,0,0,2
N/A,100000700050080003700201000060005030005800006000060400002900300000000090030040008,123456789456789123798231645264195837375824916819367452542978361687513294931642578,0.06497931480407715,0.04598641395568848,0.11896014213562012,16780,8417,8343,0,0,0,0,0,0,0,0,1
N/A,100400700007009006080000050000010000830090000005007060300000005000040092002005600,123456789457189236689273451276518943831694527945327168314962875568741392792835614,0.06697916984558105,0.04897952079772949,0.19893527030944824,17863,9066,7549,0,0,0,0,0,0,0,0,3
N/A,100056700000100006009000010005008300700500090030000000000040002500600070004020800,123456789457189236869273514215968347746532198938714625371845962582691473694327851,0.33490538597106934,0.14395403861999512,0.18094348907470703,72101,35312,35312,0,0,0,0,0,0,0,0,0
N/A,020000009006080100700000005004600008000040010000308400090000020500007001001030800,123456789456789132789213645234671958867945213915328476398164527542897361671532894,0.0989687442779541,0.06497931480407715,0.10196733474731445,26763,13590,13590,0,0,0,0,0,0,0,0,0
N/A,000056080050700003008000000200000900040500007000092060300000001500100400010040070,123456789456789123798231645235674918649518237871392564364927851587163492912845376,0.09797358512878418,0.06695961952209473,0.1569654941558838,24613,11784,7110,0,1,0,0,0,0,0,0,2
N/A,003000700400080020009000006010004300000020007900800050000500600500008090001290000,123456789456789123789132546215974368834625917967813254398541672572368491641297835,0.010994195938110352,0.06696462631225586,0.14995241165161133,3142,1643,1265,0,1,0,0,0,0,0,0,0
N/A,003400009050000000600007050200800300008004900040020008002900004070061000000000100,123456789457189236689237451261895347738614925945723618312978564574361892896542173,0.010996818542480469,0.04998421669006348,0.10996437072753906,1318,715,681,0,2,0,0,0,0,0,0,0
N/A,020000700400009030600723040008500000000010000900004060094000050500000603000005000,123456789457189236689723541238567914746918325915234867394672158572841693861395472,0.1589488983154297,0.11397933959960938,0.2849092483520508,38928,21680,21678,0,0,0,0,0,0,0,0,4
N/A,100050080000000100080003006007004060300070004040000800502000090000290000060007008,123456789456789132789123546217834965398675214645912873572368491834291657961547328,0.031004667282104492,0.02998948097229004,0.10196971893310547,8282,4230,4215,0,0,0,0,0,0,0,0,1
N/A,003050009000100230600300500005030900000000020800007004002040090060001000070800000,123456789457189236689372541245638917736914825891527364312745698568291473974863152,0.008978605270385742,0.019992589950561523,0.054991722106933594,2323,1254,1254,0,0,0,0,0,0,0,0,0
N/A,003006000407000060060000100070001090000590810900000002000020900040003070000800005,123456789457189263869237154278341596634592817915678432386725941542913678791864325,0.003997802734375,0.015993356704711914,0.05198478698730469,923,442,442,0,0,0,0,0,0,0,0,0
N/A,003450000400009030080030000200900040000020001007000600300090050001002800060000007,123456789456789132789231564215967348634825971897314625372198456541672893968543217,0.021993398666381836,0.025990724563598633,0.06096482276916504,6054,3095,3095,0,0,0,0,0,0,0,0,0
N/A,000406700007000000000070015094060500000000098005910600300000000000002060006040100,123456789457189236689273415294368571761524398835917642342691857518732964976845123,0.010996341705322266,0.023990869522094727,0.16295099258422852,1734,908,645,0,3,0,0,0,0,0,0,2
N/A,000406700007000000000070015094060500000000098005010600300001000000002060006040100,123456789457189236689273415294368571761524398835917642342691857518732964976845123,0.003996610641479492,0.016994237899780273,0.10697031021118164,972,495,413,0,4,0,0,0,0,0,0,0
N/A,000406700007100000000070015094060500000000098005010600300000000000002060006040100,123456789457189236689273415294368571761524398835917642342691857518732964976845123,0.009995460510253906,0.02799057960510254,0.14197158813476562,1752,911,413,0,4,0,0,0,0,0,0,0
N/A,003050700000700000080002006004000001010000860800001200502390000000000090040008002,123456789456789123789132546264873951317925864895641237572394618638217495941568372,0.04397726058959961,0.036998748779296875,0.23691034317016602,11424,5868,5739,0,1,0,0,0,0,0,0,3
N/A,003050700000700000080002006204000001010000860000001200500390000008000090040008002,123456789456789123789132546264873951317925864895641237572394618638217495941568372,0.033987998962402344,0.038987159729003906,0.20295429229736328,6294,3271,2855,0,1,0,0,0,0,0,0,1
N/A,100000700007109006080070000008090600500000002000203050006010900040000000900004003,123456789457189236689372415238591647561748392794263158376815924842937561915624873,0.012980937957763672,0.02100539207458496,0.06997179985046387,3283,1599,1570,0,1,0,0,0,0,0,0,0
N/A,000006700007109000680070000006010800030900000000004023001090600500200004000000050,123456789457189236689372415296513847734928561815764923341895672568237194972641358,0.006998538970947266,0.01799321174621582,0.2509043216705322,1796,840,746,0,0,0,0,0,0,0,0,3
N/A,000400080007009000080030100200000900700005300030060010060090001500004600002000090,123456789457189236689732145246371958718945362935268417364597821591824673872613594,0.12495970726013184,0.0639946460723877,0.16693377494812012,23057,11387,11386,0,0,0,0,0,0,0,0,2
N/A,003050700000700000080002006204000001010000860800001200500390000000000090040008002,123456789456789123789132546264873951317925864895641237572394618638217495941568372,0.023990869522094727,0.02699112892150879,0.13495969772338867,6024,3044,3026,0,0,0,0,0,0,0,0,2
N/A,020000080007100006060030000000040900000003800700500002005090000601005400070600005,123456789457189236968237514286741953514923867739568142345892671691375428872614395,0.10497212409973145,0.06697702407836914,0.2269270420074463,28716,14336,10499,0,0,0,0,0,0,0,0,4
N/A,020400080006080000700003006000900000600007001004020900067000005500000310010005000,123456789456789132789213456231964578695837241874521963367142895542698317918375624,0.14696836471557617,0.09197020530700684,0.2039334774017334,39200,20662,20661,0,0,0,0,0,0,0,0,2
N/A,100000080050100006009030400006000000000903600000060024070005000800300007002040300,123456789457189236689237451296874513541923678738561924374615892865392147912748365,0.16794204711914062,0.08998584747314453,0.20493602752685547,38723,20407,6022,0,0,0,0,0,0,0,0,4
N/A,103056700000080003600007400000005071500000000000640500000000020700004100090000007,123456789457189263689327415234895671516273894978641532345718926762934158891562347,0.4848461151123047,0.2928950786590576,0.4548525810241699,134912,76209,68855,0,0,0,0,0,0,0,0,4
N/A,120000700007000036000070010010005000500900008006020100040000000000804090001030600,123456789457189236689273415218345967574961328936728154345692871762814593891537642,0.005998134613037109,0.016994714736938477,0.12495994567871094,1429,732,732,0,0,0,0,0,0,0,0,2
N/A,100006700000180030009070000004000003090000020700600500002001000800060100000805040,123456789457189236689273451264518973591734628738692514372941865845367192916825347,0.025992155075073242,0.028990745544433594,0.08197379112243652,6832,3394,3394,0,0,0,0,0,0,0,0,0
N/A,000400000007080006600700050001060308390000000006070001000000002710020000002608000,123456789457189236689732154271965348395841627846273591564397812718524963932618475,0.009996891021728516,0.05898118019104004,0.25891733169555664,1820,1004,547,0,4,0,0,0,0,0,0,0
N/A,000400000007080006600000050001060308390000000006070001000007002710020000002608000,123456789457189236689732154271965348395841627846273591564397812718524963932618475,0.0059986114501953125,0.02199387550354004,0.10898375511169434,1600,837,547,0,4,0,0,0,0,0,0,0
N/A,003006080000100006060070100200040500030001008000000340000900000080007003905000020,123456789457189236869273154296348517534721968718695342341962875682517493975834621,0.015993356704711914,0.030989408493041992,0.09796810150146484,2494,1238,1074,0,1,0,0,0,0,0,0,0
N/A,020000700400009030600203040000010000008500000900004060090000050500040603000005400,123456789457189236689273541246918375738562914915734862394627158572841693861395427,0.21293187141418457,0.11498022079467773,0.21891140937805176,48871,25516,16900,0,2,0,0,0,0,0,0,2
N/A,100006080000700100009000004000000050018005000500360800605008030800003010000020000,123456789456789123789132564267894351318275496594361872645918237872643915931527648,0.012003898620605469,0.020993471145629883,0.15794968605041504,2882,1650,1104,0,2,0,0,0,0,0,0,2
N/A,100006080000700100009000004000000050018005000500360000605008030800003010000020008,123456789456789123789132564267894351318275496594361872645918237872643915931527648,0.012997150421142578,0.022993803024291992,0.15394926071166992,3342,1932,1104,0,2,0,0,0,0,0,0,2
N/A,000000009400009020080100500005008600308600000060015000002000047030500800000070000,123456789456789123789132564275948631318627495964315278592861347637594812841273956,0.02600383758544922,0.02700495719909668,0.13895583152770996,6733,3247,3246,0,0,0,0,0,0,0,0,2
N/A,000000700007109000680070000001090800800000004040000020008010600500200003000903050,123456789457189236689372415231594867875621394946837521398715642514268973762943158,0.008003950119018555,0.017993927001953125,0.12495708465576172,2072,1072,1070,0,0,0,0,0,0,0,0,2
N/A,003000009400080100090000040200010400000007050075300000000060014600000008000208600,123456789456789123798132546269815437314697852875324961587963214642571398931248675,0.012993574142456055,0.020981311798095703,0.1949162483215332,3242,1542,1305,0,0,0,0,0,0,0,0,4
N/A,020400700000009003000030046207000800080000064000800000070600400001005000900010050,123456789456789123798132546247963815389571264615824397572698431861345972934217658,0.017992019653320312,0.023992538452148438,0.1299576759338379,4486,2402,2368,0,0,0,0,0,0,0,0,2
N/A,100006000050080030009002000070040300000600007900007005001000400040070003002004800,123456789457189236869732154276945318315628947984317625591863472648271593732594861,0.42386460304260254,0.24492478370666504,0.3089020252227783,112080,59415,12497,0,0,0,0,0,0,0,0,6
N/A,100050700007009030000007004080000003004000020600500900008010000010060002900005100,123456789457189236896237514289741653574693821631528947368912475715864392942375168,0.09397172927856445,0.0639796257019043,0.21593093872070312,26282,13503,8234,0,0,0,0,0,0,0,0,4
N/A,100050700007000006009700040000008004010030900000600020390000002500800000001090500,123456789457189236689723145235978614816234957974615823398561472562847391741392568,0.007996559143066406,0.018993377685546875,0.12695908546447754,1884,957,951,0,0,0,0,0,0,0,0,2
N/A,100050700007100000060002004000008340080000000000620008005200090030004002900060000,123456789457189263869372514271598346386741925594623178645237891738914652912865437,0.18492579460144043,0.1279592514038086,0.2509188652038574,49573,28023,17288,0,0,0,0,0,0,0,0,4
N/A,023400000006080000700003500004000070000800090900007005300001050000200003060000901,123456789456789132789123546214395678675812394938647215342961857591278463867534921,0.002997875213623047,0.015981674194335938,0.05199718475341797,798,414,414,0,0,0,0,0,0,0,0,0
N/A,120000700007000036600070010000004090540900000001030600000008000000500008002010300,123456789457189236689372415238764591546921873971835642315248967764593128892617354,0.03798699378967285,0.03699064254760742,0.07297563552856445,11297,6269,6269,0,0,0,0,0,0,0,0,0
N/A,000400000006780000700002004030000600001005090000200005090007010060000300800020007,123456789456789123789132564235894671641375298978261435392547816567918342814623957,0.002996206283569336,0.01699209213256836,0.07097458839416504,693,341,316,0,1,0,0,0,0,0,0,0
N/A,100050080000009006009200500000003008070900000004020300600040000700000001005002400,123456789457189236869237514216573948378964125594821367631745892742398651985612473,0.0029952526092529297,0.01699519157409668,0.06897902488708496,535,278,273,0,1,0,0,0,0,0,0,0
N/A,000056700007100006000000410200090000030005000006700040008000100500030008090002000,123456789457189236689273415275394861834615927916728543368547192542931678791862354,0.03299307823181152,0.03098773956298828,0.06897902488708496,8066,4075,4075,0,0,0,0,0,0,0,0,0
N/A,000000700007109000680070000001090600000300020040000003008060100500000040010002005,123456789457189236689273451231895674796341528845627913378564192562918347914732865,0.01399540901184082,0.02299189567565918,0.15495014190673828,3810,2021,2016,0,1,0,0,0,0,0,0,2
N/A,000400000050009006009020010030000005001002060700000800000010007800060300006200040,123456789457189236689327514238641975591872463764593821342918657815764392976235148,0.003998756408691406,0.01700615882873535,0.13695716857910156,930,458,443,0,1,0,0,0,0,0,0,2
N/A,100000700007109000680070000001090600000300020040000003008060100500000040000002005,123456789457189236689273451231895674796341528845627913378564192562918347914732865,0.014999151229858398,0.021994352340698242,0.1319444179534912,3890,2058,2056,0,0,0,0,0,0,0,0,2
N/A,020006000400080000009700100000000305060000901001300070005900003800002007000040000,123456789457189236689723154274891365368275941591364872745918623816532497932647518,0.002998828887939453,0.01599407196044922,0.05496835708618164,675,345,345,0,0,0,0,0,0,0,0,0
N/A,020000700400009003000020000001000600800003004000670010080005000500030040009800005,123456789457189263698327451271594638865213974934678512382745196516932847749861325,0.08096027374267578,0.07597732543945312,0.13495564460754395,22335,11235,11184,0,1,0,0,0,0,0,0,0
N/A,020400080000009006600000500008700000300008070070020400001005000000010900030800040,123456789457189236689237514218794365394568172576321498761945823842613957935872641,0.011994600296020508,0.029989957809448242,0.11796069145202637,2208,1143,958,0,3,0,0,0,0,0,0,0
N/A,100006009006700020080030500000500300010008006000020000001004008840000000900000070,123456789456789123789132564298561347517348296634927815371294658842675931965813472,0.02698993682861328,0.038988351821899414,0.10296511650085449,5022,2588,2562,0,1,0,0,0,0,0,0,0
N/A,020000700000000030009100004004900008300000600070060020005098000000001005040500800,123456789456789132789132564264917358391825647578364921615298473837641295942573816,0.01799321174621582,0.033989667892456055,0.08497190475463867,4609,2204,2204,0,0,0,0,0,0,0,0,0
N/A,020400009000000100700030040010600900500008000007003010000005000040200090800000602,123456789456789123789132546218647935534918267967523814392865471645271398871394652,0.01199483871459961,0.023990631103515625,0.12196016311645508,2339,1247,1207,0,0,0,0,0,0,0,0,1
N/A,000400080007009200000030005260001000001900000700020100500000040006002900000800003,123456789457189236689237415268571394341968572795324168512693847836742951974815623,0.032990217208862305,0.04098629951477051,0.11696243286132812,6401,3382,3378,0,1,0,0,0,0,0,0,0
N/A,000400080400009002000230000070005600300900005000000010500090004060500070001000800,123456789456789132789231546274315698318967425695824317537198264862543971941672853,0.025994300842285156,0.031989097595214844,0.07599496841430664,4612,2278,278,0,1,0,0,0,0,0,0,0
N/A,000406700007009006000070050200000010080000003006040500300000008005090400010200000,123456789457189236698372154249635817581927643736841592372514968865793421914268375,0.014995336532592773,0.022988319396972656,0.0729818344116211,2763,1330,1327,0,1,0,0,0,0,0,0,0
N/A,020000009006080100700000050004608000060300800000040001090000020000005007001060300,123456789456789132789213456214698573567321894938547261395174628642835917871962345,0.11096501350402832,0.06697845458984375,0.11796426773071289,29774,14246,14205,0,1,0,0,0,0,0,0,0
N/A,100000700007109000680070000001090800040200005000000020008060900500003040000000003,123456789457189236689372451231795864746238195895641327318564972572913648964827513,0.020992755889892578,0.02599048614501953,0.13495588302612305,5540,2886,2884,0,0,0,0,0,0,0,0,2
N/A,100400080050009006000030100090005007008020400000000020705003000030690000000000003,123456789457189236689732154294865317378921465516374928765243891831697542942518673,0.059981584548950195,0.06298446655273438,0.2719111442565918,15495,7462,7460,0,0,0,0,0,0,0,0,4
N/A,020006009400180000008000400001000050000500000060003002000007090070090300002600007,123456789457189263698372415231768954749521638865943172384217596576894321912635847,0.14895129203796387,0.13695931434631348,0.13595342636108398,42431,23774,23774,0,0,0,0,0,0,0,0,0
N/A,020006009007100000000230010000500300500070000080002006000004000608000004040000920,123456789457189263869237415274568391536971842981342576312894657698725134745613928,0.022994041442871094,0.026991844177246094,0.14295220375061035,6561,3665,2016,0,1,0,0,0,0,0,0,2
N/A,000400000450000060008007001009008007300000000060500300002070090000002170000800002,123456789457189263698237451249368517385721946761594328512673894836942175974815632,0.012995719909667969,0.02200460433959961,0.07397675514221191,3431,1865,1021,0,1,0,0,0,0,0,0,0
N/A,020006009007100000000030010000500300500070000080002006000004000608020004040000920,123456789457189263869237415274568391536971842981342576312894657698725134745613928,0.017998456954956055,0.025989770889282227,0.14294123649597168,5081,2798,2016,0,1,0,0,0,0,0,0,2
N/A,100050009007000200060000040006001000000008400900500008300005001001300020070900000,123456789457189236869237145286741593735698412914523678342875961591364827678912354,0.0030117034912109375,0.016979455947875977,0.13595890998840332,649,334,331,0,1,0,0,0,0,0,0,2
N/A,100050700050009030080007000040010000000060002900005100004000008700500600030000020,123456789457189236689327451245913867371864592968275143514692378792538614836741925,0.5868313312530518,0.3218965530395508,0.5028355121612549,156817,83034,80915,0,1,0,0,0,0,0,0,4
N/A,100400080050009002009000400000600803600000000000041060002070500070000000800300040,123456789456789132789213456245697813618532974937841265362174598574968321891325647,0.05697965621948242,0.04698801040649414,0.16394782066345215,14903,8241,5603,0,1,0,0,0,0,0,0,2
N/A,100400000007080006090000410030000000000003900005060007002008000070020060800005002,123456789457189236698372415234897651716543928985261347362718594571924863849635172,0.1579456329345703,0.09195542335510254,0.2229290008544922,36772,19427,12010,0,1,0,0,0,0,0,0,3
N/A,100400700006000020000030005000005006000024030800100400007000900014900000900008000,123456789456789123798231645241395876679824531835167492387612954514973268962548317,0.009014129638671875,0.01899433135986328,0.06897735595703125,2097,943,399,0,1,0,0,0,0,0,0,0
N/A,000000009050100030009020400030700050000000800800004002000001060501600000060073000,123456789457189236689327415234768951796215843815934672342891567571642398968573124,0.003982067108154297,0.016994237899780273,0.1279757022857666,880,433,430,0,0,0,0,0,0,0,0,2
N/A,000000009400009020080100500000005600305600000060018000002000047030500800000070000,123456789456789123789132564278945631315627498964318275592861347637594812841273956,0.057982683181762695,0.04198503494262695,0.21894311904907227,13031,6691,4789,0,0,0,0,0,0,0,0,4
N/A,000000700050100006009070040200004900010600008000000020501300000008000003030068000,123456789457189236689273145275834961314692578896715324561347892748921653932568417,0.007995843887329102,0.018996238708496094,0.13195538520812988,1777,877,873,0,0,0,0,0,0,0,0,2
N/A,000006000056000100700030040200000000000020904040307020300040090008000000010800005,123456789456789132789231546297614358631528974845397621362145897578962413914873265,0.1129770278930664,0.07297587394714355,0.22592806816101074,28582,14731,14728,0,0,0,0,0,0,0,0,3
N/A,000406700007000006000070051200000000004010500090200008030000000800003090006040100,123456789457189236689372451218537964364918572795264318532691847841723695976845123,0.017981290817260742,0.02500319480895996,0.13695669174194336,4547,2347,2345,0,0,0,0,0,0,0,0,2
N/A,003050080400009100080000000200000000000640200000002091075300040000000007900004600,123456789456789123789123564214597836398641275567832491675318942842965317931274658,0.30890679359436035,0.16794371604919434,0.2839019298553467,78536,39353,19622,0,0,0,0,0,0,0,0,4
N/A,003400700050009030600300000200000800040090050700000600000001008010900040002005000,123456789457189236689327415265714893348692157791538624534261978816973542972845361,0.030991315841674805,0.031987905502319336,0.36789751052856445,8684,4479,3758,0,0,0,0,0,0,0,0,8
N/A,020000700400009030600203040000010000008500000900004060094000050500000603000005000,123456789457189236689273541246918375738562914915734862394627158572841693861395427,0.18394064903259277,0.11696481704711914,0.30989789962768555,50025,26537,26535,0,0,0,0,0,0,0,0,4
N/A,020400009000080000608000100000700390070000020000024007500000000040900003001005060,123456789457189236698237145215768394374591628869324517582643971746912853931875462,0.003998756408691406,0.016993284225463867,0.2389235496520996,753,412,405,0,0,0,0,0,0,0,0,5
N/A,100000700050009030000020001006000040305004000040960000008700002030005060000000800,123456789457189236689327451276518943395274618841963527568741392732895164914632875,0.006000995635986328,0.021996498107910156,0.1259450912475586,1467,740,660,0,0,0,0,0,0,0,0,2
N/A,100006009050700020000000500030000008091008000800360000000020470004000000900003001,123456789456789123789132564237594618691278345845361297318925476564817932972643851,0.04300260543823242,0.037987709045410156,0.18693804740905762,10934,5641,5632,0,0,0,0,0,0,0,0,3
N/A,100006080000080200089070000000005300004001000700060010500600070040000900002000003,123456789457189236689273145218945367364721598795368412531692874846537921972814653,0.010993480682373047,0.019992828369140625,0.20293855667114258,2803,1502,1499,0,0,0,0,0,0,0,0,4
N/A,100050700007009030080007000040010000000060002900005100004000008700500600030000020,123456789457189236689327451245913867371864592968275143514692378792538614836741925,0.5628173351287842,0.32089686393737793,0.4968416690826416,156725,82144,81554,0,0,0,0,0,0,0,0,4
N/A,100400080050009002009000000000600803600000004000041060002070500070000000800300040,123456789456789132789213456245697813618532974937841265362174598574968321891325647,0.05497860908508301,0.04298996925354004,0.14695024490356445,14413,7874,5644,0,0,0,0,0,0,0,0,2
N/A,100400080050009002009000000000048060000600301600000000072001500800300010000070000,123456789456789132789213456237148965598627341614935278372861594845392617961574823,0.08097457885742188,0.05298495292663574,0.24090909957885742,20939,10056,9909,0,0,0,0,0,0,0,0,4
N/A,120000700007000036000070000200900000040005090001020600000000008500804000002060100,123456789457189236689372415265943871748615392931728654374291568516834927892567143,0.07697176933288574,0.05198311805725098,0.23992276191711426,19050,9429,9406,0,0,0,0,0,0,0,0,4
N/A,120000700007000036600070000000000090040905000006020300500004008000800000002060100,123456789457189236689372415275643891348915627916728354561234978734891562892567143,0.12495946884155273,0.07596302032470703,0.2249279022216797,31844,15905,13397,0,0,0,0,0,0,0,0,3
N/A,120000700007000036600070000000008050040900008001020300000500000002060100900004000,123456789457189236689372415236748951745931628891625347314597862572863194968214573,0.030989408493041992,0.03100419044494629,0.14696788787841797,8539,4565,4562,0,0,0,0,0,0,0,0,2
N/A,120000700007000036600070000040000000000804090001030600000005000500900008002010300,123456789457189236689372415245691873736824591891537642318245967574963128962718354,0.4948432445526123,0.25691843032836914,0.35988450050354004,137348,69049,55521,0,0,0,0,0,0,0,0,3
N/A,000050080006009100000200004017000000030040000600007300001000050060003900900800002,123456789456789123798231564217365498539148276684927315341692857862573941975814632,0.022991657257080078,0.027991533279418945,0.06497979164123535,5696,3093,3093,0,0,0,0,0,0,0,0,0
N/A,003006700450000000000000004008000000000008026000370800002007600010090070900500010,123456789456789132789231564238165947571948326694372851342817695815694273967523418,0.2439115047454834,0.13294148445129395,0.17394423484802246,63657,31595,9637,0,1,0,0,0,0,0,0,2
N/A,003006700450000000000000004008000007000008026000370800002007600010090000900500010,123456789456789132789231564238165947571948326694372851342817695815694273967523418,0.1379544734954834,0.08097600936889648,0.17394137382507324,36297,17880,9637,0,1,0,0,0,0,0,0,2
N/A,003000000400080036008000100040060073000900000000002005000070068600004000700000540,123456789457189236968327154249561873576938412831742695314275968695814327782693541,0.04998373985290527,0.04398608207702637,0.24392247200012207,13319,6685,5480,0,1,0,0,0,0,0,0,4
N/A,003000000400080036008000100040060073000900010000002000004070068600000000700003500,123456789457189236968327154249561873576938412831742695314275968695814327782693541,0.04898476600646973,0.04097247123718262,0.1769547462463379,13094,6553,5474,0,2,0,0,0,0,0,0,2
N/A,003400000000080036008000104040060073000900000000002005004070068600000000700000500,123456789457189236968327154249561873576938412831742695314275968695814327782693541,0.07597851753234863,0.05497884750366211,0.261918306350708,20569,10465,8742,0,1,0,0,0,0,0,0,4
N/A,020000009450009020000100004000060000340005200008000000590003002000500030000070050,123456789456789123789132564275361498341895276968247315597613842614528937832974651,0.01199483871459961,0.021991252899169922,0.2279191017150879,3272,1817,976,0,2,0,0,0,0,0,0,4
N/A,020000009450009020000100004005060000340005200008000000090003002000500030000070050,123456789456789123789132564275361498341895276968247315597613842614528937832974651,0.011995315551757812,0.02199411392211914,0.2209303379058838,3382,1738,976,0,2,0,0,0,0,0,0,4
N/A,020006080400000206000300000005900010060002800000000007070001008500030000009040070,123456789457189236698327145285973614764512893931864527376291458542738961819645372,0.004997730255126953,0.017996788024902344,0.06597590446472168,1362,660,656,0,1,0,0,0,0,0,0,0
N/A,020400000006080100700002000000040096000801400004000000530000000008010900000500073,123456789456789132789132564217345896365891427894627351532974618678213945941568273,0.014995574951171875,0.02299213409423828,0.17894315719604492,4588,2358,1227,0,1,0,0,0,0,0,0,3
N/A,100000080006700003080000500005300006040001900900040000000200650002000000000073002,123456789456789123789132564215397846647821935938645271394218657572964318861573492,0.005997180938720703,0.01699519157409668,0.14095330238342285,1449,705,693,0,1,0,0,0,0,0,0,2
N/A,100400700007109000600070000200000050001060400000300008006040900500000020080000003,123456789457189236698273514264918357831765492975324168316842975549637821782591643,0.03699064254760742,0.029985666275024414,0.0799722671508789,8597,4081,4072,0,1,0,0,0,0,0,0,0
N/A,103400000050009020000000004000001905010000000000270010070002090600300800800060000,123456789456789123789123564238641975517938642964275318375812496642397851891564237,0.0039861202239990234,0.01699352264404297,0.20994853973388672,862,431,425,0,1,0,0,0,0,0,0,4
N/A,100006700000080000009200050000040008500300010000007600302000000010900020905000004,123456789456789132789213456237641598564398217891527643342865971618974325975132864,0.004998445510864258,0.017993688583374023,0.05398154258728027,1308,602,602,0,0,0,0,0,0,0,0,0
N/A,000000709400080030000002005040030060308000007006900000010200000030005000004060010,123456789457189236869372145241537968398621457576948321615294873732815694984763512,0.018994569778442383,0.024992704391479492,0.12595772743225098,5259,2605,308,0,0,0,0,0,0,0,0,2
N/A,000000700007109000680070000001090600800000004040000020008060100500300000000002053,123456789457189236689273415231594678875621394946837521398765142512348967764912853,0.0029997825622558594,0.01599740982055664,0.273911714553833,593,309,305,0,0,0,0,0,0,0,0,6
N/A,000000700007109000680070000001090600000000024840000000008060100500000003000302050,123456789457189236689273415231594678796831524845627391378965142512748963964312857,0.002998828887939453,0.01699542999267578,0.2989034652709961,593,318,309,0,0,0,0,0,0,0,0,6
N/A,000406700007000000000070015200000000090200008004060100380000090000603000006010500,123456789457189236869372415218735964695241378734968152381524697572693841946817523,0.013983488082885742,0.022977352142333984,0.15496492385864258,3425,1783,1781,0,0,0,0,0,0,0,0,2
N/A,003000000400080036008000100040060073000900000000002005004070068600000000700600500,123456789457189236968327154249561873576938412831742695314275968695814327782693541,0.07697558403015137,0.05398201942443848,0.24892330169677734,20597,10783,9025,0,0,0,0,0,0,0,0,4
N/A,003000000400080036008000100040060073000900000000002005004070068600004000700000500,123456789457189236968327154249561873576938412831742695314275968695814327782693541,0.06397509574890137,0.046982526779174805,0.26289868354797363,17449,9032,7588,0,0,0,0,0,0,0,0,4
N/A,003000000400080036008000100040060073000900010000002000004070068600000000700600500,123456789457189236968327154249561873576938412831742695314275968695814327782693541,0.06799554824829102,0.05097031593322754,0.24492120742797852,18001,9463,7887,0,0,0,0,0,0,0,0,4
N/A,003400000050000100700003005207000060030007008800900000000040090008002007000600010,123456789456789132789213645297834561534167928861925374372541896618392457945678213,0.11496400833129883,0.1149601936340332,0.17894339561462402,31650,15534,15531,0,0,0,0,0,0,0,0,2
N/A,003400000400080036008000100040060073000900000000002005004070068600000000700000500,123456789457189236968327154249561873576938412831742695314275968695814327782693541,0.07697820663452148,0.07797646522521973,0.2539057731628418,20599,10687,8949,0,0,0,0,0,0,0,0,4
N/A,020400009007009000009003100000600050000200800090004002060040003700000500008000010,123456789457189236689723145274698351316275894895314672561847923742931568938562417,0.026002168655395508,0.028990745544433594,0.21292996406555176,6641,3407,3403,0,0,0,0,0,0,0,0,4
N/A,100000700007109000680070000008060900300200050000000002006010800040000003000005040,123456789457189236689372415218563974364297158975841362536914827741628593892735641,0.003996372222900391,0.018979310989379883,0.12696027755737305,1003,506,504,0,0,0,0,0,0,0,0,2
N/A,100000700006080100089000006000500000600090001030002050000000400002304000800060007,123456789456789132789231546218547693645893271937612854371928465562374918894165327,0.1939373016357422,0.11596488952636719,0.29790377616882324,48124,26707,26644,0,0,0,0,0,0,0,0,2
N/A,100006080000700000090030000000560030300000000000003801500001060000020400802005010,123456789456789123798132546217568934385914672964273851579341268631827495842695317,0.014996051788330078,0.023992300033569336,0.22291207313537598,4088,2344,1756,0,0,0,0,0,0,0,0,4
N/A,100006080050100200009000100090030000004500000600002008040000060700001800000300070,123456789457189236869273154298634517374518692615792348541827963736941825982365471,0.04898524284362793,0.03897356986999512,0.21792912483215332,12549,6463,5025,0,0,0,0,0,0,0,0,4
N/A,100006700057080000006000004000900040000020008010003600300000002500090000001007500,123456789457189236896732154268915347735624918914873625349561872572398461681247593,0.03399085998535156,0.054967641830444336,0.1689612865447998,9736,4707,3210,0,0,0,0,0,0,0,0,2
N/A,100006700050000030008000040000090003005012000900600100040700008000001000700060900,123456789457189236698237541271594863865312497934678125349725618586941372712863954,0.014995098114013672,0.022004127502441406,0.0949711799621582,3833,1830,1829,0,0,0,0,0,0,0,0,1
N/A,100006000400009030080200600004000007090020800500000010000300070030002900005800000,123456789456789132789213645264138597391527864578964213612395478837642951945871326,0.015996932983398438,0.02198004722595215,0.20493507385253906,4183,2119,1610,0,0,0,0,0,0,0,0,4
N/A,120000700007000036000070000006010300040800000900004008002060100000900050000005002,123456789457189236869273415286517394345892671971634528592768143634921857718345962,0.039994001388549805,0.03398394584655762,0.21993160247802734,9509,4759,4745,0,0,0,0,0,0,0,0,4
N/A,020400000006080000700003500004000070000800390900007005300001050000200003060000001,123456789456789132789123546214395678675812394938647215342961857591278463867534921,0.0020024776458740234,0.015982627868652344,0.052994728088378906,447,229,229,0,0,0,0,0,0,0,0,0
N/A,020400000007080006000003050009060001000002300000500040001000800600010007970000000,123456789457189236896723154239864571514972368768531942341697825682315497975248613,0.021005630493164062,0.025005817413330078,0.06299161911010742,5411,2511,2511,0,0,0,0,0,0,0,0,0
N/A,000406700007000000000070015290000008006010500000200000030000000800003090005040600,123456789457189236689372415291765348346918572578234961732691854864523197915847623,0.020990848541259766,0.040991783142089844,0.29789304733276367,6187,3405,2371,0,1,0,0,0,0,0,0,6
N/A,100050009000000120008000500030007000500060010004800000070004000600020900000300006,123456789456789123798231564231547698587963412964812375372694851645128937819375246,0.019982576370239258,0.024961233139038086,0.15694618225097656,4873,2415,1395,0,1,0,4,0,0,0,0,0
N/A,000006080400009000060070100090007300000010020005030000010700600004000002008000005,123456789457189236869273154291567348386914527745832961512748693674395812938621475,0.0049974918365478516,0.01700735092163086,0.40087127685546875,1231,635,580,0,0,0,0,0,0,0,0,9
N/A,000050700400009030080000400000010090700002300006000020008500000001060000900004003,123456789457189236689237451234718695715692348896345127378521964541963872962874513,0.05198383331298828,0.04298543930053711,0.3398916721343994,14979,7799,5007,0,1,0,0,0,0,0,0,7
N/A,000000700007109000680070000008060100500000000000003052001090800040200003000000040,123456789457189236689372415238965174594721368716843952361594827845217693972638541,0.02998971939086914,0.030991315841674805,0.35988521575927734,7909,4252,1862,0,0,0,0,0,0,0,0,7
N/A,000000700007109000680070000008060100500300020000000003001090800000002004040000050,123456789457189236689273415238965147516347928794821563361594872875612394942738651,0.003995180130004883,0.016996383666992188,0.21392083168029785,1029,499,495,0,0,0,0,0,0,0,0,4
N/A,000000009400009020080100500000005600300600000060018005002000047030500800000070000,123456789456789123789132564278945631315627498964318275592861347637594812841273956,0.07696890830993652,0.05699777603149414,0.10996198654174805,20331,10524,10520,0,1,0,0,0,0,0,0,0
N/A,000000700007109000680070000001090600040002005800000020008060900500000030000300004,123456789457189263689273451231795648746832195895641327378564912514927836962318574,0.009982824325561523,0.019993066787719727,0.21494722366333008,2425,1213,1171,0,1,0,0,0,0,0,0,4
N/A,000000700007109000680070000001060800060000042000002000006090100540000003010300050,123456789457189236689273415231564897765918342894732561376895124548621973912347658,0.003000974655151367,0.02098846435546875,0.21092939376831055,464,234,228,0,1,0,0,0,0,0,0,3
N/A,000050000400009200009000010200703900006000007900004300094000800000008090800000023,123456789457189236689237514241763958536892147978514362394625871712348695865971423,0.018008947372436523,0.023005962371826172,0.1999211311340332,4774,2262,2210,0,2,0,0,0,0,0,0,2
N/A,000400000006080100700003004030500000009060800000007050002000016600020000980000200,123456789456789123798213564237548691519362847864197352342875916675921438981634275,0.010994911193847656,0.02899026870727539,0.18693923950195312,1763,894,833,0,1,0,0,0,0,0,0,2
N/A,000400000006080100700003004030500000009060800060007050002000016000020000980000200,123456789456789123798213564237548691519362847864197352342875916675921438981634275,0.009996175765991211,0.027990102767944336,0.18393921852111816,1663,858,833,0,1,0,0,0,0,0,0,2
N/A,000450700050009030600300000200001000030900050900005008010090040002000800700000600,123456789457189236689327415275831964836974152941265378318692547562743891794518623,0.022991180419921875,0.022007465362548828,0.1339578628540039,4164,2085,1777,0,1,0,0,0,0,0,0,2
N/A,003400009400080100090000000200010800000307050075000000000208600000060014600000008,123456789456789123798132546234615897861397452975824361319248675587963214642571938,0.029989242553710938,0.028989791870117188,0.14495325088500977,7908,3625,3392,0,1,0,0,0,0,0,0,2
N/A,020006080000700100009200000000008300005004000040600070070060020500000003001000900,123456789456789132789213456217598364635174298948632571374961825592847613861325947,0.0029990673065185547,0.016999483108520508,0.2219235897064209,820,411,400,0,1,0,0,0,0,0,0,4
N/A,020006080000700100009200000000004300005008000040600070070060020500000003001000900,123456789456789132789213456217594368635178294948632571374961825592847613861325947,0.003997087478637695,0.01699662208557129,0.21493101119995117,760,386,376,0,1,0,0,0,0,0,0,4
N/A,100000700007109000680070000001060800060000042000002000006090100540000003000300050,123456789457189236689273415231564897765918342894732561376895124548621973912347658,0.0019989013671875,0.0160067081451416,0.1669456958770752,464,234,228,0,1,0,0,0,0,0,0,3
N/A,100006080050100006009030500070800000005020900000007000390000400000040000004000052,123456789457189236689732514271895643835624971946317825392571468568243197714968352,0.005995750427246094,0.01799154281616211,0.1399545669555664,1562,841,822,0,1,0,0,0,0,0,0,2
N/A,100006700000180030090070000004010003009000020800600100002000000500060800000005040,123456789457189236698273415264718953719534628835692174382941567541367892976825341,0.004998922348022461,0.01799464225769043,0.06997346878051758,1439,760,667,0,1,0,0,0,0,0,0,0
N/A,120000700007000036000070000000005008500900000006020300040000000000804090002060100,123456789457189236689372415234615978578943621916728354345291867761834592892567143,0.14095401763916016,0.08697247505187988,0.3748819828033447,38970,19943,13587,0,1,0,0,0,0,0,0,7
N/A,000000700007109000680070000001090800800000004040000020008060100500200003000903050,123456789457189236689372415231594867875621394946837521398765142564218973712943658,0.002997875213623047,0.015995025634765625,0.1979386806488037,632,334,330,0,0,0,0,0,0,0,0,4
N/A,000000700007109000680070000001090600040000002800000040008060100500000003000203050,123456789457189236689372415231594678746831592895627341378965124512748963964213857,0.007994890213012695,0.028987407684326172,0.20391607284545898,593,322,318,0,0,0,0,0,0,0,0,4
N/A,000000700007109000680070000001060900840000020000000004300200050008010600000005003,123456789457189236689372415231564978846937521975821364364298157598713642712645893,0.010995864868164062,0.02099323272705078,0.21994996070861816,2793,1369,1365,0,0,0,0,0,0,0,0,4
N/A,000000700007109000680070000001067850500003000008010900006090100040000090000000002,123456789457189236689372415231967854594823671768514923376295148842631597915748362,0.001985311508178711,0.01699686050415039,0.2289290428161621,506,280,276,0,0,0,0,0,0,0,0,4
N/A,000400000006080100700003004030500000009060800000007050002000016000020008980000200,123456789456789123798213564237548691519362847864197352342875916675921438981634275,0.007997751235961914,0.01799488067626953,0.13394975662231445,1891,962,955,0,0,0,0,0,0,0,0,2
N/A,000406700007000000000070051200800090001040600090000000030000000800003002006010500,123456789457189263689372451264837195371945628598621374732594816815763942946218537,0.05696821212768555,0.04397010803222656,0.2399129867553711,14831,7976,7974,0,0,0,0,0,0,0,0,4
N/A,003000009400000200060070010010007050004600000000500002080700060000008003900001800,123456789457189236869273415216897354594632178738514692382745961671928543945361827,0.00999593734741211,0.019994258880615234,0.24690675735473633,2383,1182,1179,0,0,0,0,0,0,0,0,4
N/A,003000000400080036008300100040060073000900000000002005004070068600000000700000500,123456789457189236968327154249561873576938412831742695314275968695814327782693541,0.043985843658447266,0.03798818588256836,0.2349238395690918,11870,6068,5077,0,0,0,0,0,0,0,0,4
N/A,020006080400000002009000400070000000000007601000820070300090005005300000060008010,123456789456789132789213456271635948538947621694821573347192865815364297962578314,0.195936918258667,0.15295195579528809,0.3538851737976074,49372,24153,12579,0,0,0,0,0,0,0,0,4
N/A,020400080000080000700002006004900100600007003090010000062000005500000370000005000,123456789456789231789132546234968157615247893897513624362874915548691372971325468,0.0049974918365478516,0.017994403839111328,0.2559189796447754,1225,622,622,0,0,0,0,0,0,0,0,4
N/A,100006000050080030700200000040090003000007900900600500000002008090040300801000004,123456789456789132789213456247591863365827941918634527534972618692148375871365294,0.013993024826049805,0.02099442481994629,0.25891661643981934,2842,1493,1491,0,0,0,0,0,0,0,0,4
N/A,120000700007000036000070010040005090000900000001030600500004008010800000006020100,123456789457189236689372415248765391365941827971238654532614978714893562896527143,0.045999765396118164,0.038988351821899414,0.14595246315002441,11829,6447,6446,0,0,0,0,0,0,0,0,2
N/A,000000080006080100700003004047005000500320000000000005300004007000000900010900060,123456789456789132789213654247895316561327498938641275395164827672538941814972563,0.08297538757324219,0.059966087341308594,0.25891685485839844,21818,11943,11718,0,1,0,0,0,0,0,0,4
N/A,100000080000180006009003500000004000004000025930000400070000000000760000002005900,123456789457189236869273514216534897784691325935827461371948652598762143642315978,0.1609642505645752,0.08997154235839844,0.3258976936340332,37127,20720,8155,0,1,0,0,0,0,0,0,6
N/A,100006080050100206000300100009040070000000002600001800040900000700002008005030000,123456789457189236986327154219845673578693412634271895342918567791562348865734921,0.2889084815979004,0.17293047904968262,0.20993280410766602,79417,43522,43522,0,0,0,0,0,0,0,0,0
N/A,100000000007080006090300010004600000000708004000040620500000000030005900002060007,123456789457189236698372415284691573365728194971543628549237861736815942812964357,0.09896707534790039,0.06697559356689453,0.15393781661987305,26702,14320,7667,0,0,0,0,0,0,0,0,2
N/A,100000700050009100089000005000000600000260000900001008002340000030000040800005007,123456789456789123789132465215893674378264951964571238592347816637918542841625397,0.09595537185668945,0.0659945011138916,0.20591974258422852,25842,14074,12054,0,0,0,0,0,0,0,0,3
N/A,120000700007000036000070000000004008040900000006020300070508090500000000002030100,123456789457189236689372415235714968748963521916825347371548692564291873892637154,0.06199312210083008,0.045984745025634766,0.33490967750549316,15606,7778,7771,0,0,0,0,0,0,0,0,7
N/A,020050000006009001700300000200060800008004010000030600004008100500000090070000040,123456789456789231789312456245961873638274915917835624394528167562147398871693542,0.008984565734863281,0.019988298416137695,0.21294641494750977,2056,1038,1001,0,1,0,0,0,0,0,0,4
N/A,100006080000080200090070000004000003500600070009000002005001004800060050000005300,123456789457189236698273145264718593531692478789534612375921864842367951916845327,0.0069963932037353516,0.018992900848388672,0.2749137878417969,1711,874,815,0,1,0,0,0,0,0,0,6
N/A,100400000050009200000070014006090000030005900000000067000000800502008000080930000,123456789457189236869273514216397458738645921945821367371564892592718643684932175,0.12296080589294434,0.07997250556945801,0.3318953514099121,32634,16985,15933,0,1,0,0,0,0,0,0,6
N/A,020000009050100200600700050000010000006805020000020003060208070700060400800000000,123456789457189236689732154278913645316845927945627813564298371732561498891374562,0.029991626739501953,0.029989957809448242,0.1589491367340088,7663,3819,3801,0,2,0,0,0,0,0,0,2
N/A,020000009050100200600702050000010000006805020000000003060208070700060400800000000,123456789457189236689732154278913645316845927945627813564298371732561498891374562,0.031003475189208984,0.02999114990234375,0.15794801712036133,7823,3917,3801,0,2,0,0,0,0,0,0,2
N/A,020006080000100006600730000000300050009000400700001008005800900800003001040010000,123456789457189236698732145281394657539678412764521398315867924872943561946215873,0.008997201919555664,0.021996498107910156,0.07097339630126953,2090,1080,1074,0,1,0,0,0,0,0,0,0
N/A,000000700007109000680070000001060850500003000708010900006090100040000090000000002,123456789457189236689372415231967854594823671768514923376295148842631597915748362,0.0029990673065185547,0.0190126895904541,0.2079298496246338,646,341,337,0,0,0,0,0,0,0,0,4
N/A,003406000050100300600070040200060070000000008018005000000090204000607090900000000,123456789457189326689273541234861975596732418718945632371598264845627193962314857,0.0699622631072998,0.049001216888427734,0.22191476821899414,18423,9348,8657,0,0,0,0,0,0,0,0,4
N/A,020000009006080100700000040200001050000005090005800600370600000040300000001008300,123456789456789132789132546264971853837265491915843627378694215542317968691528374,0.058998823165893555,0.04398632049560547,0.21693015098571777,16002,7911,6952,0,0,0,0,0,0,0,0,4
N/A,020006080000700100709010000000004508040000000000620040300900000000000003060005020,123456789456789132789213456237194568648537291915628347374962815592841673861375924,0.040985107421875,0.03098893165588379,0.29990291595458984,6003,3316,2777,0,0,0,0,0,0,0,0,6
N/A,100006700007109000680070000008060900500002040000000002001090800040000003000300050,123456789457189236689273415238564971576912348914837562361795824745628193892341657,0.003001689910888672,0.01699519157409668,0.05196833610534668,754,382,382,0,0,0,0,0,0,0,0,0
N/A,120300000340000100005000000602400500000060070000008006004200300000070009000009080,129385764348627195765914823672491538483562971951738246894256317216873459537149682,60.71263599395752,29.47559428215027,30.895136833190918,15227030,7369762,7369184,0,0,0,5,0,0,0,0,0
N/A,000400000050080206000007000200040000300000010005030802500060308006000095008000000,123456789457189236869327154271845963384692517695731842512964378736218495948573621,0.041005849838256836,0.03798651695251465,0.23094391822814941,10405,5546,599,0,0,0,0,0,0,0,0,4
N/A,100006080007100006600000150030900000700001840000020000000090410500004008000800500,123456789457189236689273154231948675795631842846725391368592417572314968914867523,0.0160064697265625,0.022997140884399414,0.05897998809814453,4266,2033,2033,0,0,0,0,0,0,0,0,0
N/A,020000700400009030600203040000010000008900000900004060094000050500000603000005000,123456789457189236689273541236518974748962315915734862394627158572841693861395427,0.1489577293395996,0.09097075462341309,0.38186097145080566,39131,20720,20718,0,0,0,0,0,0,0,0,4
N/A,100050709007000000060000000200000000000501002000020390304090001500010003000800040,123456789457189236869372154235947618698531472741628395374295861586714923912863547,0.9527096748352051,0.47684788703918457,0.3488891124725342,224618,120583,35309,0,0,0,0,0,0,0,0,4
N/A,003000000400080036008300100040060073000900010000002000004070068600000000700000500,123456789457189236968327154249561873576938412831742695314275968695814327782693541,0.040987491607666016,0.03499197959899902,0.23590970039367676,11054,5724,4792,0,0,0,0,0,0,0,0,4
N/A,000400000050009000600020010200070901005000070000008030006000090700030100000090327,123456789457189263689327514268573941345961872971248635536712498792834156814695327,0.029993534088134766,0.0309755802154541,0.15396547317504883,7989,4102,4081,0,0,0,0,0,0,0,0,2
N/A,000400000050080206000007100200040000300000010005030802500060308006000090008000000,123456789457189236869327154271845963384692517695731842512964378736218495948573621,0.05496931076049805,0.044998884201049805,0.22792792320251465,13599,7363,3336,0,0,0,0,0,0,0,0,4
N/A,100050709007100000060000000200000000000501002000020390300090001500010003000800040,123456789457189236869372154235947618698531472741628395374295861586714923912863547,1.2695965766906738,0.7147700786590576,0.4388606548309326,337691,183563,58870,0,0,0,0,0,0,0,0,4
N/A,100056000057180006600070000090300000000000090800005003500017008002000010000000400,123456789457189236689273154296348571345761892871925643534617928762894315918532467,0.23592448234558105,0.1449718475341797,0.25392889976501465,61408,33393,33389,0,0,0,0,0,0,0,0,2
N/A,100006080007000006600000150030900000000020000700008540000090810800041005010000400,123456789457189236689273154234915678568724391791638542346592817872341965915867423,0.02198028564453125,0.030001401901245117,0.06497907638549805,5966,3029,3029,0,0,0,0,0,0,0,0,0
N/A,000400000050080206000007000200040000300000010005030802500060308006008090008000000,123456789457189236869327154271845963384692517695731842512964378736218495948573621,0.025998592376708984,0.028002262115478516,0.2169322967529297,6582,3418,1160,0,0,0,0,0,0,0,0,4
N/A,000400000050080206000007000200000000300000510005030802500060308006000090008070000,123456789457189236869327154271845963384692517695731842512964378736218495948573621,0.0749807357788086,0.05296897888183594,0.2289261817932129,19392,9881,3461,0,0,0,0,0,0,0,0,4
N/A,120050009057000200090020010000800904700060100000004000000000000570090600006003000,123456789457189236698327415265831974734962158819574362342615897571298643986743521,0.03397798538208008,0.03698563575744629,0.1529526710510254,9677,6033,6027,0,0,0,0,0,0,0,0,2
N/A,020400080007000003080237010201000090090000804000900000010800040500000000000060008,123456789457189263689237415241578396795613824836924571312895647568741932974362158,0.034989356994628906,0.03600049018859863,0.18495798110961914,9466,5439,4184,0,2,0,0,0,0,0,0,2
N/A,020400080007000003000237010201000090090000804800900000010800040508000000000060000,123456789457189263689237415241578396795613824836924571312895647568741932974362158,0.02898859977722168,0.030989408493041992,0.205918550491333,7606,4257,4184,0,2,0,0,0,0,0,0,2
N/A,020400080007000003080237010201000090090000804000900000010800040508000000000060000,123456789457189263689237415241578396795613824836924571312895647568741932974362158,0.04298567771911621,0.037985801696777344,0.2309277057647705,8046,4577,4184,0,2,0,0,0,0,0,0,2
N/A,003006700000000020790200000030000600500004007607003045305007400000000000000010008,123456789456789123798231564234578691589164237617923845365897412871342956942615378,0.007996559143066406,0.025990962982177734,0.06499218940734863,1331,717,717,0,0,0,0,0,0,0,0,0
N/A,003050000050100206600020040000800090080010605000600000700000004000000000060001802,123456789457189236698327541246875193389214675571693428732568914815942367964731852,0.0349881649017334,0.037989139556884766,0.27689433097839355,10440,6687,5896,0,3,0,0,0,0,0,0,2
N/A,003056000050100206000020040006800090080010605000600000700000004000000000060001802,123456789457189236698327541246875193389214675571693428732568914815942367964731852,0.032988548278808594,0.04698467254638672,0.2129523754119873,9964,6239,5896,0,2,0,0,0,0,0,0,2
N/A,003000009450009200009003054000060000600900800005008020010700000000000000004005092,123456789457189236869273154248561973631927845975348621312794568596832417784615392,1.183607816696167,0.7937612533569336,0.6747870445251465,310760,166987,166987,0,0,0,0,0,0,0,0,0
N/A,000006009006700030790003000010007050007520000005000002001670020000001400800000000,123456789456789231798213645214937856637528194985164372341675928572891463869342517,0.20493698120117188,0.11094784736633301,0.32489657402038574,44762,24469,24293,0,0,0,0,0,0,0,0,5
N/A,000400000050080206000007100200000000300000510005030802500060308006008090008000000,123456789457189236869327154271845963384692517695731842512964378736218495948573621,0.058995962142944336,0.04999899864196777,0.24391770362854004,14760,7679,3442,0,0,0,0,0,0,0,0,4
N/A,020400080000009002009030000000000005008007000040500820004600210602100400010000008,123456789456789132879231564231864975568927341947513826384695217692178453715342698,0.18392586708068848,0.12297701835632324,0.20794081687927246,48964,26553,26553,0,0,0,0,0,0,0,0,0
N/A,000000009050700020709002000010670050000000400800005000070310000600007030030060001,123456789456789123789132546214673958395821467867945312572318694641297835938564271,0.004999637603759766,0.018992900848388672,0.18993878364562988,1031,554,449,0,1,0,0,0,0,0,0,3
N/A,000050700407009030080000100208007000004008000070090003000000600040002097002000001,123456789457189236689723154298317465314568972576294813735941628841632597962875341,0.10895037651062012,0.07796931266784668,0.18594050407409668,25832,13220,12255,0,1,0,0,0,0,0,0,2
N/A,020406009007000000600020050000001500010640002800000010030260000060010003900003000,123456789457189236689327451294731568315648972876592314538264197762915843941873625,0.020991802215576172,0.025991439819335938,0.08095693588256836,5683,2974,2912,0,1,0,0,0,0,0,0,0
N/A,100006709050000000009000004000090030000010000900600801002700000700800040800060107,123456789457189263689237514271598436568314972934672851312745698796821345845963127,0.016995668411254883,0.024991273880004883,0.5288453102111816,2957,1511,998,0,0,0,0,0,9,0,0,4
N/A,020050009000700000700000500200000000004008000060020091030200900600090013001060020,123456789456789132789132564215973648394618257867524391538241976672895413941367825,0.11994791030883789,0.09397053718566895,0.1299741268157959,31126,16261,16255,0,1,0,0,0,0,0,0,0
N/A,000000080006700000080003605040030050000004006600008304001090020030002500900000000,123456789456789132789213645247631958398574216615928374561897423834162597972345861,0.013977527618408203,0.022008895874023438,0.07297539710998535,3448,1849,1801,0,1,0,0,0,0,0,0,0
N/A,003090000400080036008000100040060073000900000000002000004070068600000000700000504,123496785457281936968357142249165873576938421831742659314579268695824317782613594,0.008996725082397461,0.018995285034179688,0.22592902183532715,1985,1087,948,0,0,0,0,0,0,0,0,4
N/A,003900000400080036008000100040060073800000010000002000004070068600000000700000500,523916784417285936968347125245169873839754612176832459394571268651428397782693541,50.98375391960144,26.779462337493896,26.343592405319214,12491639,6673022,6610021,0,0,0,0,0,0,0,0,2
N/A,003000000400080036008000100040060073000900000000002000004070068600000000700600590,123496785457281936968357142249165873576938421831742659314579268695824317782613594,0.8087430000305176,0.46285510063171387,0.5748007297515869,210913,119194,93769,0,0,0,0,0,0,0,0,4
N/A,003900000400080036008000100040060073000300010000002000004070068600000000700000500,123956784457281936968437125241569873579348612836712459394175268615824397782693541,0.686800479888916,0.36788249015808105,0.5058248043060303,173754,92638,73423,0,0,0,0,0,0,0,0,4
N/A,003000000400080036008300100040060073000900000000002000004070068600000000700000590,123496785457281936968357142249165873576938421831742659314579268695824317782613594,0.34988880157470703,0.20891952514648438,0.3768925666809082,93696,51556,41356,0,0,0,0,0,0,0,0,4
N/A,003000000400080036008000100040060073000900000000002000004070068600020000700600500,123496785457281936968357142249165873576938421831742659314579268695824317782613594,0.323880672454834,0.23494410514831543,0.3858606815338135,84780,48056,38224,0,0,0,0,0,0,0,0,4
N/A,003002000400080036008000100040060073000900000006000000004070068600000000700000590,913642785427581936568793142149265873875934621236817459354179268692458317781326594,107.43477940559387,62.22317600250244,40.8719756603241,26745523,15710475,10221590,0,1,0,0,0,0,0,0,2
N/A,003000000400080036008000100040060073000900010000002000004070068600004000700000500,123456789457189236968327154249561873576938412831742695314275968695814327782693541,0.0599820613861084,0.045989990234375,0.2529149055480957,15543,7948,6652,0,0,0,0,0,0,0,0,4
N/A,003400000400080036008000100040060073000900000000002000004070068600000000700000590,123496785457281936968357142249165873576938421831742659314579268695824317782613594,0.8727054595947266,0.5138504505157471,0.5638186931610107,210915,118071,92938,0,0,0,0,0,0,0,0,4
N/A,003002000400080036008000100040060073000900000000004000004070068600000000700000590,193642785427185936568793142945261873836957421271834659314579268659428317782316594,43.625099658966064,26.908424377441406,21.049291133880615,11414175,6549491,5091095,0,0,0,0,0,0,0,0,4
N/A,003090000100040036008002100040080073000900000000000000004070068600000000700000504,453196782127845936968732145549281673836957421271364859314579268695428317782613594,11.06947374343872,6.269998073577881,4.942411184310913,2920020,1693574,1251097,0,0,0,0,0,0,0,0,4
N/A,003000000400080036008000100040060073000900000000042005004070068600000000700000500,123456789457189236968327154249561873576938412831742695314275968695814327782693541,0.029987096786499023,0.029001951217651367,0.23190999031066895,7639,3855,3206,0,0,0,0,0,0,0,0,4
N/A,003090000400080036008000100040060073000900000000002000004070068600400000700000500,123694785457281936968753124249165873831947652576832491314579268695428317782316549,1.0656752586364746,0.5928094387054443,0.7507598400115967,264975,149655,121634,0,0,0,0,0,0,0,0,4
N/A,003000000400080036008000100040060073000900000000702005004070068600000000700000500,123456789457189236968327154249561873576938412831742695314275968695814327782693541,0.07297563552856445,0.05098867416381836,0.24892067909240723,19596,9843,8265,0,0,0,0,0,0,0,0,4
N/A,120400300300010050006000100700090000040603000003002000500080700007000005000000098,128465379374219856956837142765198423249673581813542967592386714487921635631754298,11.381357669830322,6.000089168548584,6.588899612426758,3004926,1515379,1515379,0,0,0,0,0,0,0,0,0
N/A,100050000007009030009007540004003070060000000090800000000790020000002403002000000,123456789457189236689327541214963875368275914795841362531794628876512493942638157,0.051984548568725586,0.04000592231750488,0.2079300880432129,12499,6588,6570,0,1,0,0,0,0,0,0,3
N/A,023000009400000100090030040200810004000007800900040002300090001060000000000500000,123456789456789123798132546275813964634927815981645372347298651562371498819564237,0.012981414794921875,0.022993087768554688,0.06897830963134766,2841,1398,1398,0,0,0,0,0,0,0,0,0
N/A,100406000000000020080030506060004805000000000000500200000003090007008000040600308,123456789456789123789132546261394875375821964894567231518243697637918452942675318,0.0029993057250976562,0.020991802215576172,0.1529674530029297,692,379,372,0,1,0,0,0,0,0,0,2
N/A,003050000056700002700200040000001800300020006600070004530040007000000090000000400,123456789456789132789213645245691873397824516618375924531948267874562391962137458,0.006998300552368164,0.017994403839111328,0.055982351303100586,1785,910,910,0,0,0,0,0,0,0,0,0
N/A,000406700007000006000070051200000090005060100091042600300000000000800000004010500,123456789457189236689273451246731895735968142891542673378625914512894367964317528,0.006997108459472656,0.01799464225769043,0.17392897605895996,1876,962,960,0,0,0,0,0,0,0,0,2
N/A,100400009056009000000010060060000800500004090900005010070000200600001050000300000,123456789456789123798213564264197835531824697987635412379568241642971358815342976,0.029990196228027344,0.033008575439453125,0.0779721736907959,6713,3296,2609,0,1,0,0,0,0,0,0,0
N/A,100000700006080100089000006000004050600590001900010008002000000000300000800060007,123456789456789132789132546218674953634598271975213468392847615567321894841965327,0.018995046615600586,0.023993730545043945,0.07697677612304688,4575,2191,2178,0,1,0,0,0,0,0,0,0
N/A,100000780006080100009000006000004050600590001900010008002000000000300000800060007,123456789456789132789132546218674953634598271975213468392847615567321894841965327,0.01897740364074707,0.02399587631225586,0.07797431945800781,4585,2203,2178,0,1,0,0,0,0,0,0,0
N/A,120300000405000600070000020600100300004530000000008009000450100000000080000002007,128396754495271638376845921689124375714539862253768419862457193547913286931682547,6.948784351348877,3.183983564376831,3.4788904190063477,1791689,802106,798566,0,0,0,0,0,0,0,0,6
N/A,500600000020000040001020300900800000007040100000009006004070200030000010000005008,543681972629753841781924365912867534367542189458319726894176253235498617176235498,4.018734455108643,2.353250026702881,1.9153897762298584,1036528,498120,498120,0,0,0,0,0,0,0,0,0
