,input,output,bf_time,lbf_time,solve_time,bf_loops,lbf_loops,solve_loops,ns_count,hs_count,nd_count,hd_count,nt_count,ht_count,nq_count,hq_count,r_count
0,........8..3...4...9..2..6.....79.......612...6.5.2.7...8...5...1.....2.4.5.....3,621943758783615492594728361142879635357461289869532174238197546916354827475286913,116.77579021453857,62.97031807899475,74.11008358001709,16863760,8118435,8101854,0,1,0,0,0,0,0,0,0
1,........2..8.1.9..5....3.4....1.93...6..3..8...37......4......53.1.7.8..2........,639847512478512963512693748724189356965234187183765294847921635351476829296358471,17.902916193008423,8.713340520858765,8.932012796401978,2026783,1016240,1010218,0,1,0,0,0,0,0,0,0
2,..2...7...1.....6.5......18....37.......49.....41.23....3.2.9...8.....5.6.......2,832416795417985263596273418951837624328649571764152389173528946289364157645791832,92.912606716156,44.397270917892456,26.309674739837646,10796387,5419642,3191420,0,1,0,0,0,0,0,0,2
3,........7..4.2.6..8.....31......29...4..9..3...95.6....1......8..6.5.2..7......6.,963814527154327689827965314371482956645791832289536741512673498496158273738249165,193.02072095870972,91.78020787239075,94.9306652545929,21992072,10836590,10836590,0,0,0,0,0,0,0,0,0
4,..4..3....7..8....2.81....6..3....9..8..2....1..7....3......45....8..9....9..5..8,594263871671584329238197546763418295985326714142759683816932457357841962429675138,14.716978073120117,9.129037618637085,5.208923101425171,1532235,793544,535098,0,2,0,0,0,0,0,0,0
5,..6..1....5..3....9..4....7..1....2..3..9....4..5....13.....68....3..2....2..8..3,826971354754836192913425867571643928238197546469582731347219685185364279692758413,91.17870450019836,43.332881689071655,33.520604848861694,4415130,2290118,1544439,0,2,0,0,0,0,0,0,0
6,........3..1..9.6..5..8.4.....9...8...867.....1....2....6..7.2..3.8..5..4.......8,862714953741359862953286471374921685298675134615438297586147329137892546429563718,258.8992063999176,59.40651345252991,58.02312088012695,13258265,6812098,6766869,0,1,0,0,0,0,0,0,0
7,........5..6..87..3......9....1.7.4...7...8...4...6....9..8...3..16..4..5...2....,714963285926518734385274691238197546657342819149856327492785163871639452563421978,151.9942684173584,81.16596603393555,34.52106046676636,17446122,9312541,3837785,0,1,0,0,0,0,0,0,6
8,.....5..3..9....4..81.4.......7.......4..2..68...14.3.......2...4...6..79...5..1.,427165893539278641681349725216793458394582176875614932758431269143926587962857314,66.8321704864502,35.98660373687744,36.90353274345398,7534922,3884145,3883987,0,1,0,0,0,0,0,0,0
9,.....5..4.9.....2...6.7.3.....7..8....86.....13..8......3.1.6...2......54......9.,287935164394168527516472389645791832978623451132584976753219648829346715461857293,4.101266622543335,2.3851406574249268,2.2145912647247314,449928,254945,199482,0,0,0,0,0,0,0,0,4
10,........6..5..18...9...8.7....8.2.....3.1.2..4..5.3....6.....9...83..1..7.......4,187234956645791832392658471516872349873419265429563718264187593958346127731925684,3.506028175354004,1.8659741878509521,1.8974764347076416,371495,194152,194152,0,0,0,0,0,0,0,0,0
11,........9..6.1.7.24......3......12...6..2..5...28.7....3......4..8.7.6..9..1.....,713642589896513742425798136389451267167329458542867391631285974258974613974136825,282.2312231063843,137.83281445503235,137.11282563209534,30739432,15538018,14680266,0,1,0,0,0,0,0,0,0
12,..6.....1.8...7.5.9...5.8.......4....4..3..2....2.8.....3.7...9.7.....8.1.....6.3,756843291481927356932651847298764135647135928315298764863472519579316482124589673,273.0870006084442,130.86454129219055,55.55732750892639,29316199,15488693,5711980,0,1,0,0,0,0,0,0,0
13,........2..8..91..5......4....9.7.....7.3.8.....8.1.3..4..6...5..97..3..2........,194583672628479153573216948382947561417635829956821437741368295869752314235194786,78.05285215377808,34.93150591850281,23.90429139137268,7357464,3708894,2648800,0,1,0,0,0,0,0,0,4
14,........7..2..96..8...6...3....92.....46..5...1..54.....5.4.9...3.....7.1.......8,963215847742389615851467293578192364294673581316854729685741932439528176127936458,148.01536464691162,86.72569584846497,56.45151710510254,15464931,7916432,7626468,0,0,0,0,0,0,0,0,2
15,.......24..3...7..41..7...6.....3.....5.9.8.....8.5...2...4...9..7...4..96.....1.,576938124823614795419572386782463951645791832391825647238146579157289463964357218,4.935424327850342,2.7531397342681885,1.8923966884613037,701341,373746,279649,0,1,0,0,0,0,0,0,0
16,.......58..6...7..84..7...3.....1.....9.2.1.....6.9...5...8...2..7...8..23.....4.,973216458156348729842975613624851397389724165715639284561483972497562831238197546,129.04087781906128,72.18501663208008,51.18968367576599,18001000,9795259,7198956,0,1,0,0,0,0,0,0,0
17,..6.......3...7..11.7.............9.3....6..5.5.8..2....3..5..6...2...4..4..9.8..,596312784834957621127648359762534198389126475451879263273485916918263547645791832,2457.579870223999,1293.6667640209198,1324.3594484329224,354703151,186564758,186564758,0,0,0,0,0,0,0,0,0
18,........5..8..79...6..1..4....1.2.7.4...7...3.7.6......3..2..6...5...8..9.......7,194863725328457916567219348859132674416975283273684591731528469645791832982346157,11.100699424743652,5.743833065032959,5.147077560424805,1377078,677937,677937,0,0,0,0,0,0,0,0,0
19,........6..2....4..1...798....79.....8..5......3..8.1...6....2..9...51..4.......8,859134276762589341314267985645791832187352694923648517576813429298475163431926758,62.5709764957428,37.32836627960205,42.97457671165466,8124822,4409851,4128395,0,2,0,0,0,0,0,0,0
20,....6...9..6..35...4..5..7......2......8.......2.1.8....5...3...9..3..1.71......4,257168439986743521341259678869572143134896752572314896425981367698437215713625984,86.31954884529114,47.30247497558594,7.56331992149353,9077616,5449974,991603,0,1,0,0,0,0,0,0,0
21,........7..2...6...8..1..9....9.1.3.3...8...4.9...5....3..9..4...7...2..6..5.....,963458127142379685785612493576941832321786954894235761238197546457863219619524378,82.0447039604187,42.88585901260376,38.992220878601074,10706274,5193747,4760701,0,1,0,0,0,0,0,0,0
22,........2..7...1...3..9..4......9.6.6...3.4.5.4...8....6..4..5...2...7..1..8.....,416583972957624138238197546821459367679231485345768219763942851582316794194875623,14.419085264205933,8.212459564208984,5.9597084522247314,1540671,749680,511326,0,1,0,0,0,0,0,0,0
23,.....6......5.8.....8.9.5......7...4..76..2...1..2..3...2...6...4..6..9.39......1,574236918961548327238197546823975164457613289619824735182459673745361892396782451,517.4201166629791,241.47858428955078,114.50133657455444,52912032,25097643,13069456,0,1,0,0,0,0,0,0,0
24,..1.......5...6..16.7...........1..3...4.5.8..9..2..5...5..3..7....8..4..3.5..2..,921354678853276491647819532584691723172435986396728154215943867769182345438567219,179.09186029434204,93.11017346382141,24.43554949760437,19189695,9115823,2438772,0,3,0,0,0,0,0,0,1
25,........6..9...4...1..7..8....7.1.3.1.8.3.5...3...2....8..2..1...6...9..4..3.....,872149356369258471514673289645791832128436597937582164783924615256817943491365728,93.60733795166016,44.70425248146057,44.48293399810791,9850624,4795978,4795976,0,1,0,0,0,0,0,0,0
26,........7..9.5.2..1....6.8....5..6...9.....3...64.2....8.6.......4.2.9..7......61,263189547849357216157246389478513692592768134316492758981675423634821975725934861,1.2752711772918701,0.645794153213501,0.6347975730895996,143649,71970,59600,0,3,0,0,0,0,0,0,1
27,........7..1..9.8..3.6..5.9.9..25.......6....3..9...4...7....91.2.5..3..8........,945813627671259483238647519194325768782164935356978142567432891429581376813796254,62.477909088134766,33.714067220687866,25.33304762840271,6974514,3866569,2768371,0,3,0,0,0,0,0,0,1
28,........6..5..8.9..3.4..7....491........8..4.5....42....1..9.5..6....4.37........,492537186175628394836491725324915867617283549589764231241379658968152473753846912,51.86301517486572,31.2347993850708,29.21213674545288,5355961,2945742,2936425,0,3,0,0,0,0,0,0,1
29,.....7..8.3..2..9...84..3....6.......8.5..6..5.4..........9.8.2.1.....7.8..3..4..,459137268731628594268459317976283145183574629524916783645791832312845976897362451,57.33345437049866,35.88058376312256,36.508649826049805,6051395,3340992,3266858,0,1,0,0,0,0,0,0,0
30,..9.......6...3...1...7...54...52..7.....6.4..3.9.....2......1.....2.57...48....2,349185726765293184128674935491352867852716349637948251273569418986421573514837692,5.965111970901489,3.385701894760132,2.789668083190918,592283,290968,209812,0,1,0,0,0,0,0,0,3
31,.....6..5.1.....2...9.3.4......7......48.9...8..4.39....7.8.3...5.....1.2.......6,782946135413758629569231487391572864674819253825463971147685392956324718238197546,28.40697479248047,16.92812967300415,17.39506769180298,2869521,1470741,1466667,0,0,0,2,0,0,1,0,0
32,.....4.....2.3.....5.7....9..4..2.8..985....63.........8....79....8...6...5.1...8,769254813842139657153786249574362981298541376316978524681423795437895162925617438,27.21354651451111,13.70040488243103,9.9178946018219,2500658,1224955,841500,0,1,0,0,0,0,0,0,0
33,2.......6.5..8..1...4...9...7.3.1......82.......7.5.3...9...4...8..1..5.6.......2,238197546957684213164253978576341829341829765892765134729536481483912657615478392,27.863455295562744,13.819091320037842,13.935090780258179,2530309,1253493,1253493,0,0,0,0,0,0,0,0,0
34,........6..5.3.7..2....8.1....9..8...5..8..4...87.3....1.3.......7.9.5..6.......2,374512986185639724296478315461925837753186249928743651512367498847291563639854172,28.31919240951538,15.17429804801941,13.314215183258057,2686078,1342707,1278644,0,1,0,0,0,0,0,0,3
35,.....1..7....6..2.8..9..3...954....3..3...4..4......8......7..6.1..2....5..3..9..,346251897759863124821974365195486273683712459472539681238197546914625738567348912,11.534552097320557,6.880281209945679,4.842642545700073,1165886,644049,453248,0,1,0,0,0,0,0,0,0
36,........8..3.9.4..6....7.1....5.97...3.....2...74........7....6..4.5.3..81.......,942316578173895462658247913281569734439178625567423891395782146724651389816934257,69.9164936542511,34.32609963417053,27.18145203590393,6279906,3140590,2385472,0,2,0,0,0,0,0,0,2
37,.....1.....7.2.....9.6.8..5..1..7....6.9....42.9.........8...59.8....4....6.3...8,645791832817325946392648175451287693768913524239564781124876359983152467576439218,38.89430236816406,20.600993394851685,22.36140513420105,3728728,1945055,1945055,0,0,0,0,0,0,0,0,0
38,........9..1...6...5..7..4....4.7.8...3.8...5.8...2....78.2..5..39...1..6........,327864519491235678856179243962457381713986425584312796178623954239548167645791832,13.077582120895386,6.263848543167114,6.3920557498931885,1084657,542678,528652,0,1,0,0,0,0,0,0,0
39,........3..1..56...9..4..7......9.5.7.......8.5.4.2....8..2..9...35..1..6........,562987413471235689398146275236819754714653928859472361187324596923568147645791832,209.22605895996094,98.77556729316711,89.93435335159302,19844346,9721211,7907061,0,1,0,0,0,0,0,0,0
40,..4.....9.1...3.7.6.....2.......8....5..3..8....1.5.....2.....4.7.3...1.9...7.6..,524687139819423576637519248143768925756932481298145367362851794475396812981274653,120.05863237380981,69.66025519371033,49.25473141670227,10005564,5676590,3925571,0,1,0,0,0,0,0,0,0
41,.....6.....1.2...3.3.8...7...6.....5.5.3..7..2....1.......9..4...5...98..9.4....7,587936214961724853432815679316287495854369721279541368723198546145673982698452137,46.729641914367676,25.225965976715088,28.725616693496704,4491581,2300998,2296254,0,1,0,0,0,0,0,0,0
42,..8...5...4...2.9.7.......3.2...4......93.......2.1.6.5.......8.1.6...2...3...7..,238197546645382197791546283329764851156938472487251369572419638814673925963825714,46.635679960250854,24.999046802520752,23.043424606323242,4134358,2201130,2201130,0,0,0,0,0,0,0,0,0
43,.....5.....3.7...8.9.8...4...5.....2.8.6..4..7...3......2...69...4...1...1.9....4,268345719453179268197826543645791832389652471721438956832514697974263185516987324,12.90695571899414,7.348806142807007,3.5025370121002197,1257240,633170,336095,0,1,0,0,0,0,0,0,0
44,..3...5...7...4.6.8.......9.4...7......45.......2.1.7.5.......3.1.7...2...9...8..,293176584175984362864325719342867951781459236956231478527648193418793625639512847,79.24075531959534,40.38573718070984,40.326964139938354,6919808,3673562,3673562,0,0,0,0,0,0,0,0,0
45,........2..1...7...3..5..9......6.4...3.4.8...4.5.9....9..6..3...2...1..7....3...,985374612421698753637251498279836541513742869846519327198467235362985174754123986,375.954993724823,182.81282496452332,152.1090784072876,32432404,16588009,16587282,0,1,0,0,0,0,0,0,0
46,..8.......5...8..11.9.4........3......5..9..4.4.6...7.......6..5....4.29.2..7..3.,238197546754268391169543782697432158315789264842651973483925617576314829921876435,36.551103591918945,20.53891086578369,13.278811931610107,4102773,2194710,1532528,0,1,0,0,0,0,0,0,0
47,..5...7...8...6.4.9.......2.4...3......65.......4.8.1.2.......9.1.8...3...7...5..,435289761182576943976134852648913275321657498759428316263745189514892637897361524,71.22170352935791,38.89679956436157,37.29244828224182,7803728,4107649,4107649,0,0,0,0,0,0,0,0,0
48,..8...3...7...9.4.1.......2.6...4......98.......7.6.5.2.......1.9.4...6...3...8..,958247316672319548134865972367154289415982637829736154286573491591428763743691825,133.62142944335938,76.85090279579163,62.328370094299316,12870073,6807409,6807409,0,0,0,0,0,0,0,0,0
49,..9...4...7.3...2.8...6...71..8....6....1..7.....56...3....5..1.4.....9...2...7..,239187465675394128814562937123879546456213879798456312367945281541728693982631754,8.981197595596313,4.191568851470947,4.283526182174683,992924,517779,517779,0,0,0,0,0,0,0,0,0
50,1.......9.4...3.8...2...6...7..58.......2.......7.4.5...6...2...3.8...7.9.......1,168275349749613582352489617674958123895321764213764958486137295531892476927546831,62.800376415252686,42.60145831108093,48.498239278793335,6888348,3775750,3775750,0,0,0,0,0,0,0,0,0
51,..2...6...4...5.1.3.......8.9...4......52.......1.7.4.8.......3.5.7...9...6...2..,182379654649285317375416928591634782764528139238197546827951463453762891916843275,7.480576515197754,4.078716278076172,3.5939276218414307,682554,346265,346265,0,0,0,0,0,0,0,0,0
52,..9...7...1...6.8.3.......4.2...5......89.......6.2.1.4.......3.8.2...5...7...9..,869524731214736589375981624726415398541893276938672415492157863683249157157368942,173.13520741462708,92.60247278213501,96.22191548347473,15928676,8576659,8576659,0,0,0,0,0,0,0,0,0
53,5.......9.2.1...7...8...3...4.6.........5.......2.7.1...3...8...6...4.2.9.......5,536472189429183576178965342741698253682351497395247618253719864867534921914826735,119.30955123901367,61.81100153923035,61.91561269760132,10197468,5482513,5315551,0,0,0,4,0,0,3,0,0
54,3.......8.7.5...1...6...4...9.2.1.......4.......97..2.4.....3...5...2.7...8.....6,325714968974586213186329457593261784762845139841973625417658392659432871238197546,113.17256164550781,55.167945861816406,60.07468938827515,9823382,5418889,5418889,0,0,0,0,0,0,0,0,0
55,9.......5.4.3...6...2...1...8.74........2.......8.6.7.1.....9...3...7.4...5.....2,973461825841352769652978134386749251417523698529816473164235987238197546795684312,190.98780059814453,103.68213129043579,93.71414017677307,16845952,9180992,9180992,0,0,0,0,0,0,0,0,0
56,.......39.....1..5..3.5.8....8.9...6.7...2...1..4.......9.8..5..2....6..4..7.....,751846239892371465643259871238197546974562318165438927319684752527913684486725193,35.490134477615356,15.12467622756958,14.78681230545044,3040223,1480778,1480778,0,0,0,0,0,0,0,0,0
57,3.......2.8..7..1...69......5.7.4...........8...51..7...9...3...1..4..8.2.......6,397451862582376419146982735851724693724639158963518274479865321615243987238197546,88.38083148002625,45.17657160758972,50.424216985702515,8092979,4281170,4281170,0,0,0,0,0,0,0,0,0
58,3.......5.7...8.6...2...9...1...6......82.......1.7.4...9...2...8.6...1.5.......3,396214875175938462842765931917546328654823197238197546769381254483652719521479683,88.45036721229553,52.191840171813965,51.596603870391846,8418242,4444886,4444886,0,0,0,0,0,0,0,0,0
59,3.......1.4...2.7...5...8......76.4.....5.....6.2.9...1.....5...7.6...9...8.....3,389467251641582379725193864953876142217354986864219735136948527572631498498725613,58.651023626327515,31.602623224258423,24.566421508789062,5204717,2795421,2795421,0,0,0,0,0,0,0,0,0
60,5.......7.8...9.3...4...2...1..36.......4.......1.8.6...2...4...9.3...1.7.......5,529683147187429536364517298915736824876942351243158769652891473498375612731264985,41.26942300796509,25.526866912841797,26.868613481521606,4341617,2388913,2388913,0,0,0,0,0,0,0,0,0
61,....9..5..1.....3...23..7....45...7.8.....2.......64...9..1.....8..6......54....7,743892156518647932962351748624589371879134265351276489496715823287963514135428697,237.33252334594727,108.60544610023499,56.49030780792236,21544329,11080862,5064473,0,0,0,0,0,0,0,0,9
62,1.......2....1..3...5..34....2..1..4....8.7..6..9.......1..5.4.8.....5..9...6....,136549872428617935795823416582371694349286751617954283261795348874132569953468127,4.73154616355896,2.542567729949951,2.289069652557373,462701,236493,212001,0,1,0,0,0,0,0,0,0
63,1.........2.4...6...3...5.1.4..86.......49.8....2.....5.7...3...6.9...4.........7,186572439925431768473698521742386915651749283839215674517824396368957142294163857,53.23940825462341,29.107560396194458,25.818918704986572,4890831,2533537,2276279,0,4,0,0,0,0,0,0,0
64,........91......35..9.3.8....3.5...67....2......4.......6.8..9..2.7..6..4.....1..,534817269187926435269534817843159726715362948692478351376281594921745683458693172,126.74151229858398,65.24228715896606,52.502161741256714,11163057,5767270,5767270,0,0,0,0,0,0,0,0,0
65,1.......5.2.4...6...3...7...9...4........9.8.8.26.........5.1...6.9...2...7.....3,174863295529417368683592714396184572751329486842675931238756149465931827917248653,45.225149154663086,25.92997717857361,24.640477657318115,4373568,2345059,2345059,0,0,0,0,0,0,0,0,0
66,.......39.8......5..9.6.8....5.9...67....2......4.......3.8..5..2.7..6..4.....1..,176548239382971465549263871215897346764352918938416527693184752821735694457629183,10.746731758117676,5.244104623794556,6.3598291873931885,945728,487529,437085,0,1,0,0,0,0,0,0,6
67,1.......7.2.4...6...3...5...9..4........62.4....9..8....5.....3.6.2...8.7....1...,159826437827453961643719528291348756578162349436975812915684273364297185782531694,68.05140924453735,34.243072748184204,31.009419918060303,5996943,3061613,3061613,0,0,0,0,0,0,0,0,0
68,1.......2.2.....6...34..5.....8.5.....8.3.9.....9.4.....5..34...7.....1.6.......7,157396842429758163863412579791865234248137956536924781915673428374289615682541397,93.49789118766785,48.8211145401001,49.12464237213135,8907613,4586447,4586447,0,0,0,0,0,0,0,0,0
69,.2.4..7.........32.......94.9.2...7...6..5...8...1....5.1..8....3.9....7......6..,925431786684579132317682594193264875746895321852317469561728943438956217279143658,103.23156118392944,51.04949998855591,52.78754663467407,9227157,4720064,4403732,0,0,0,0,0,0,0,0,4
70,1.......2.2.....6...34..5.....8.5.....8.3.9.....9.4.....53..4...6......77......1.,156798342824153769973462581697825134418637925532914678285371496361249857749586213,51.84208559989929,25.906306505203247,29.87767004966736,4952143,2550500,2550500,0,0,0,0,0,0,0,0,0
71,....567.....1.....6..37......4.....13...6.9...8.....2.5....73....2.....8.1.....4.,123456789457189236698372415264935871371268954985741623546817392732594168819623547,0.04786515235900879,0.02818775177001953,0.07914590835571289,4717,2355,2355,0,0,0,0,0,0,0,0,0
72,.......93.8......5..3.6.8....5.9...67....2......4.......9.8..5..2.7..6..4.....1..,167825493984317265253964817345198726716532948892476531679281354521743689438659172,12.890689849853516,6.822251796722412,5.285418272018433,1223268,633671,419946,0,1,2,2,0,0,1,0,4
73,1.......7.2.4...6...3...5...9..82.......9..8....6..4....5...1...6.8...2.7....3...,186359247529417863473268519694582731312794685857631492235946178961875324748123956,65.60815286636353,36.23060441017151,25.913285493850708,6033819,3130836,2448439,0,1,0,0,0,0,0,0,0
74,.......1...6....23.2..3.4..8....5....3..1...4..96........9..7...1..2..4.5....8...,973452618486197523125836497841375269637219854259684371362941785718523946594768132,295.5149669647217,145.22584104537964,140.8848147392273,26897692,12921246,12921246,0,0,0,0,0,0,0,0,0
75,.......89.....1.35..3.5......5.6...8.7...2...1..4.......6.9..5..2.7..6..4........,564327189897641235213958467345169728679582314182473596736294851928715643451836972,34.597699880599976,16.270251750946045,16.925456047058105,3088579,1523355,1518909,0,0,0,0,0,0,0,0,4
76,.......12........3..23..4....18....5.6..7.8.......9.....85.....9...4.5..47...6...,839465712146782953752391486391824675564173829287659341628537194913248567475916238,117.11391806602478,60.41021275520325,40.53155064582825,11147408,5654518,3862234,0,1,0,0,0,0,0,0,0
77,...1....87.......9..3.9.5....9.3...5.....23.....4..6....6.8..5.47...1...2........,592163478761548239843297516129736845654812397387459621916384752475621983238975164,5.762373924255371,3.002851963043213,3.258970260620117,568998,292313,292311,0,0,0,0,0,0,0,0,4
78,.....1.39........5..3.5.6....8.9...67....28..1..4.......9.8..5..2.......4..7.....,567841239942376185813259674238597416754612893196438527679184352321965748485723961,18.834992170333862,8.304842948913574,7.686174392700195,1616563,751744,659499,0,1,0,0,0,0,0,0,2
79,........7.2.4...6.1.....5...9...2.4....8..6..6..9.......5..3....3..8..2.7....4..1,854369217327451968169278534598612743412837659673945182245193876931786425786524391,227.06099390983582,114.96706533432007,110.59858131408691,20603393,10744345,10444321,0,0,0,2,0,0,1,0,0
80,...2....87.......9..3.9.5....8.3...51.....3.....4..6....6.8..5..7...1...2....4...,965243718782516439413798526628137945194865372537429681346982157879351264251674893,134.6053123474121,70.36702418327332,57.339049339294434,14675919,7723347,7723198,0,0,0,0,0,0,0,0,4
81,...1....8.7......9..3.9.5....8.3...57....23.....4..6....6.8..5.4....1...2........,694125738571863249823794516148637925765912384932458671316289457459371862287546193,23.357537984848022,13.099842548370361,9.952820301055908,3550789,1639994,1460187,0,0,0,0,0,0,0,0,5
82,.1......8.7...4..9..3.9.5....8.3...5.2....3.....4..6....6.8..5.2....1......7.....,912563478675814239483297516768132945524976381391458627146389752257641893839725164,16.54474115371704,9.338024139404297,8.641252517700195,2400769,1240345,1240326,0,0,0,0,0,0,0,0,4
83,5.......9.2.1...7...8...3...4...2.......5.......7.6.1...3...8...6...4.2.9.......5,514673289326189574798425361149832657687951432235746918453217896861594723972368145,6.635883092880249,3.6298444271087646,3.7828128337860107,879818,476874,463692,0,0,0,4,0,0,3,0,0
84,9....4....3..6..7...5...8...2.1.6.......7...3...2...1...8...9...7..1..6.4.......5,987324651231568479645791832723186594164975283859243716318652947572419368496837125,40.6130588054657,20.53843855857849,20.302530765533447,5744891,2940278,2886328,0,0,0,2,0,0,1,0,0
85,1...5...9.......3..79........7.1...65....42..6..8.......5.6...7.....2.4....3..8..,123456789456789132879231564287913456531674298694825371345168927718592643962347815,0.03098893165588379,0.023993492126464844,0.07897496223449707,4877,2294,2234,0,2,0,0,0,0,0,0,0
86,...1....87.......9..6.9.5....8.6...5.....23...7.4..6....3.8..5..2...1....4.......,952136478731845269486297513218763945564912387379458621193684752625371894847529136,48.21864938735962,24.24927306175232,20.96032190322876,6633756,3206152,2954013,0,0,0,0,0,0,0,0,5
87,.......1......4.32.2..3.5.......7....4..2...5..89..4....78..6...3..1..5.9........,473582916865194732129736584391457268746328195258961473517843629634219857982675341,295.0019998550415,158.91037559509277,156.59309816360474,43979177,23189888,23189888,0,0,0,0,0,0,0,0,0
88,7....4..8.1......9..6.9.5....8.6...5.....23.....4..6....3.8..5.2....1......7.....,739514268512836749846297513428163975651972384397458621173689452265341897984725136,7.581570148468018,3.722827672958374,3.8287806510925293,1107276,559240,559238,0,0,0,0,0,0,0,0,4
89,1.......2.9.4...5...6...7...5.9.3.......7.......85..4.7.....6...3...9.8...2.....1,174385962293467158586192734451923876928674315367851249719548623635219487842736591,18.171209573745728,8.971127986907959,10.110790491104126,2619834,1406817,1406817,0,0,0,0,0,0,0,0,0
90,12.3.....4...5......6..17..5..2......3..1..4...1..68....9....7....1..9.......9.68,127348596493657182856921734568294317732815649941736825289563471674182953315479268,6.881807088851929,3.7348108291625977,3.5388846397399902,1049367,548330,548330,0,0,0,0,0,0,0,0,0
91,12.3.....3...4......5..23..5....61.........9...67....8.5...16.....9...4.....8...7,124368759367549821985172364543896172871253496296714538759421683618937245432685917,11.574296474456787,6.044074535369873,3.9007604122161865,1742880,848860,583895,0,1,0,0,0,0,0,0,0
92,..3.......5.4...8.1.......7.9..8........94.6.5.62.............3.6.9...4...7.2.1..,683157429759432681124869537492786315831594762576213894218645973365971248947328156,124.83822870254517,66.85169816017151,33.902182817459106,18392686,10094363,4709331,0,1,0,0,0,0,0,0,5
93,...2....871......9..6.9.5....8.6...5.....23...4....6....9.3..5.4....1........7...,935216478714385269826794513278163945691542387543879621169438752457921836382657194,23.587496995925903,13.423722743988037,11.351366996765137,3484405,1816405,1452268,0,0,0,2,0,0,0,0,9
94,12.3.....4.....3....3.5......42..5......8...9.6...5.7...15..2......9..6......7..8,125374896479618325683952714714269583532781649968435172891546237257893461346127958,53.37600541114807,24.624139547348022,25.1759774684906,7913820,3646382,3646382,0,0,0,0,0,0,0,0,0
95,.2..5.7..4..1....68....3...2....8..3.4..2.5.....6...1...2.9.....9......57.4...9..,123456789457189236869273154271548693346921578985637412512394867698712345734865921,0.013010025024414062,0.008996248245239258,0.036989688873291016,1983,1001,1001,0,0,0,0,0,0,0,0,0
96,..3..6.8....1..2......7...4..9..8.6..3..4...1.7.2.....3....5.....5...6..98.....5.,123456789457189236896372514249518367538647921671293845364925178715834692982761453,0.03097844123840332,0.018011808395385742,0.04996609687805176,4793,2495,2452,0,1,0,0,0,0,0,0,0
97,1.......9..67...2..8....4......75.3...5..2....6.3......9....8..6...4...1..25...6.,123456789456789123789123456214975638375862914968314275591637842637248591842591367,0.014981269836425781,0.009994983673095703,0.03998732566833496,2336,1179,1179,0,0,0,0,0,0,0,0,0
98,...4...8...7..92......3...526...1.....19......7....1..5......4..1.8....3..6..29..,123456789457189236689237415268571394341968572975324168592613847714895623836742951,0.06399178504943848,0.03798961639404297,0.06897616386413574,10252,5602,5602,0,0,0,0,0,0,0,0,0
99,..34...8.......1.37........2...9.......5..8...6...7.4...51....8.7...5...9...62.5.,123456789456789123789231564214698375397524816568317942645173298872945631931862457,0.0679771900177002,0.03698921203613281,0.12595796585083008,10930,5605,5603,0,0,0,0,0,0,0,0,2
100,1...5...9..7...2...69..3.4....8........91..7.9....5..83..5....1..2...6...4.......,123456789457189236869723145215837964638914572974265318396578421582341697741692853,0.16295361518859863,0.08696770668029785,0.1199493408203125,26211,13882,13882,0,0,0,0,0,0,0,0,0
101,....56.8..5.7....3..8......2.....9...4.5....7....92.6.3.4.....15..1..4...1.....7.,123456789456789123798231645235674918649518237871392564364927851587163492912845376,0.22893786430358887,0.11296439170837402,0.1649329662322998,36323,17353,10038,0,0,0,0,0,0,0,0,2
102,1...56.....71.......9....1..4..6.3.......8..29..7...6......24..5..6...9.....3...8,123456789457189236869273514248965371675318942931724865316892457582647193794531628,0.07297587394714355,0.033992767333984375,0.18793749809265137,10523,4901,4858,0,0,0,0,0,0,0,0,4
103,...4...8...7..92......3...526...1.....19.....7.....1..5......4...6..29..9..8....3,123456789457189236689237415268571394341968572795324168512693847836742951974815623,0.09296751022338867,0.0699913501739502,0.1239471435546875,13104,6962,6057,0,1,0,0,0,0,0,0,0
104,1....6....571......9..7..1...8...........89.29..5...6.....42..3.3....4..7..6...9.,123456789457189236896273514268394157315768942974521368581942673639817425742635891,0.03398847579956055,0.027991294860839844,0.048999786376953125,3853,1895,1895,0,0,0,0,0,0,0,0,0
105,.2.4.....4...8...6..9..31..2..5...7..95.......7....3....29...4......1..3....6.8..,123456789457189236689723154216534978395817462874692315532978641768241593941365827,0.05898094177246094,0.031989097595214844,0.0619816780090332,9427,4704,4531,0,1,0,0,0,0,0,0,0
106,..3..6.8.4..1..2...9......4.7...8....35......9...3...5..9.4...7.....2.1....8..6..,123456789457189236698723154274568391835917462961234875389641527546372918712895643,0.10796308517456055,0.06098055839538574,0.10498309135437012,15621,8402,8304,0,1,0,0,0,0,0,0,0
107,.2.4..7...5...9.3.6...7......5..8.9.7...2.....4.6..3.......1..85......1...1...9.3,123456789457189236689372145215738694736924851948615372374291568592863417861547923,0.10698175430297852,0.05696392059326172,0.08698654174804688,17040,8795,8751,0,1,0,0,0,0,0,0,0
108,...4....9....8.2..6....3.1..1...7...7..6..5...3.....7.3....5.2...29..8......2...4,123456789457189236698273415215397648784612593936548172341865927572934861869721354,0.0889589786529541,0.04898190498352051,0.13697171211242676,13991,7276,7206,0,0,0,0,0,0,0,0,2
109,1....67...5.7....3..8.....4.4.5..3......2..9........45.7.9...3.6...1......2..8...,123456789456789123798231564249567318315824697867193245571942836684315972932678451,0.09297919273376465,0.04998660087585449,0.08297252655029297,14676,7455,7406,0,1,0,0,0,0,0,0,0
110,1.3.....9..71.9....9.....4..1...7..3....2.8.....5...6.....6.5..6..8...2..7...4...,123456789457189236896372145218647953564923871739518462382761594641895327975234618,0.026990413665771484,0.014995813369750977,0.04498648643493652,4142,1976,1976,0,0,0,0,0,0,0,0,0
111,..3..67...5..8.....9.1.........9..1...7..32..8..5...4.37....4.......4..6..4....72,123456789456789123798132564245697318617843295839521647372968451581274936964315872,0.005010843276977539,0.005000114440917969,0.032988786697387695,790,384,384,0,0,0,0,0,0,0,0,0
112,1.......2..94...5..6....7.....89..4....3.6.....8.4.....2....1..7.......6..5.8..3.,154739862879462351362518794516897243497326518238145679923674185781953426645281937,53.993794679641724,29.100728750228882,28.169023752212524,7876297,4219230,4219230,0,0,0,0,0,0,0,0,0
113,6.......2.9.4...5...1...7...5..84.......2.......3.5.4.2.....6...3...9.8...7.....1,674853912392417856581692734759184263413926578826375149248731695135269487967548321,67.61244225502014,37.433069944381714,35.24878287315369,9871954,5256437,5256437,0,0,0,0,0,0,0,0,0
114,1.......2.9.4...5...6...7...5.3.4.......6........58.4...2...6...3...9.8.7.......1,174835962293476158586192734957324816428961375361758249812547693635219487749683521,45.50948238372803,21.948020219802856,23.29656147956848,6287780,3345406,3345406,0,0,0,0,0,0,0,0,0
115,1.......2.3.4...5...6...7...5.9.4.......23......8...9...2...6...9...8.4.7.......1,145687932937412856826539714658974123479123568213856497582341679391768245764295381,7.943469285964966,4.7325098514556885,4.051705360412598,1121240,589628,589628,0,0,0,0,0,0,0,0,0
116,1.......2.3.4...5...6...7...5.8.4.......29......3...9...7.....1.9...8.4.2.....6..,179583462832476159546192738951864273368729514724351896487635921695218347213947685,35.76161527633667,21.098278999328613,20.160579442977905,5534500,3055350,3055350,0,0,0,0,0,0,0,0,0
117,1.......2.9.4...5...6...7...5.3.4......96.........8.4...2...6...3...9.8.7.......1,174835962293476158586192734957324816428961375361758249812547693635219487749683521,26.76045250892639,13.56667685508728,14.452407836914062,3965136,2076368,2076368,0,0,0,0,0,0,0,0,0
118,1.......2.3.4...5...6...7...5.8.3.......7.......95..8.7.....6...9...8.3...2.....1,175689342238417956946532718659823174823174569417956283784391625591268437362745891,64.62640619277954,36.17247295379639,36.717286348342896,9627016,5299516,5299516,0,0,0,0,0,0,0,0,0
119,1.......2..34...5..6....7.....85..9....3.6.....8.9.....2....1..7.......6..9.8..3.,157968342293417658864235719672851493941326875538794261326579184785143926419682537,20.779374599456787,11.47134518623352,8.879176616668701,3142083,1681940,1399527,0,0,0,2,0,0,1,0,0
120,1.......2.3.4...5...6...7...5.8.4.......73......9...8.7.....6...4...8.9...2.....1,174395862238467159596182734351824976829673415467951283713549628645218397982736541,1.1016502380371094,0.5158340930938721,0.7077600955963135,153526,80026,80011,0,0,0,2,0,0,1,0,0
121,1.......2..34...5..6....7......3..4....8.6.....954.....2....1..7.......6..5.9..8.,157968432283471659964253718672139845541826973839547261326785194798314526415692387,47.94272017478943,25.448890686035156,17.65537452697754,7057090,3620664,2596930,0,0,0,0,0,0,0,0,2
122,..1...5...2.4...6.3....7....6.28........9..2.......4.65.....1...9.8...4...7.....3,671328594829415367354967812765284931413596728982731456538642179196873245247159683,8.434324741363525,4.104691982269287,4.156666278839111,1305653,653434,650728,0,0,0,0,0,0,0,0,2
123,1.......2.3.4...5...6...7...5.8.3.......74......9...8.7.....6...9...8.3...2.....1,175689342238417956946532718659823174823174569417956283784391625591268437362745891,54.47561812400818,28.074066877365112,29.064738750457764,8069337,4215582,4215582,0,0,0,0,0,0,0,0,0
124,...1....9.......85..9.5..6...5.3...6.7...2...1..4.......3.8..9..2...73..4........,654128739237649185819753462945831276376592814182476953763284591521967348498315627,17.91227650642395,8.375331163406372,8.53627896308899,2482358,1194701,1194701,0,0,0,0,0,0,0,0,0
125,.......35.....2.6...3.5..8...5.9...6.7....9..1..4.......6.8..9..2.1.....4....7...,642918735587342169913756284235891476874625913169473852756284391328169547491537628,9.03310489654541,4.453582048416138,4.070718765258789,1281415,628494,628494,0,0,0,0,0,0,0,0,0
126,1......8......913.......5.6..7.4....3....1.5..6.2.....5....89...4..7......26.....,123456789456789132789132546217543698394861257865297413571328964648975321932614875,0.016999244689941406,0.009980440139770508,0.06399011611938477,2623,1274,1093,0,0,0,2,0,0,1,0,0
127,3....97...6..4......18.....5......93.....327.........8..4.1....2....7.5..8.6.....,358269714762341985491875632527186493846953271139724568674518329213497856985632147,32.793550968170166,17.248487949371338,17.56541657447815,4969897,2475094,2462537,0,0,0,2,0,0,1,0,0
128,.......8...6...12....2..6.5..15..9..8....3....4..7....3....8.....21....6.7..4....,123456789456789123798231645231564978867913254945872361314628597582197436679345812,0.021991252899169922,0.008997440338134766,0.08597302436828613,2177,1049,966,0,0,0,2,0,0,1,0,0
129,1.......2..34...5..6....7......3..4....5.6.....894.....2....1..7.......6..5.8..9.,157869432293471658864253719672138945941526873538947261326795184789314526415682397,45.570493936538696,23.490516901016235,16.49872612953186,6579400,3444802,2555420,0,0,0,0,0,0,0,0,2
130,12.3....435....1....4........54..2..6...7.........8.9...31..5.......9.7.....6...8,126395784359847162874621953985416237631972845247538691763184529418259376592763418,9.034106492996216,5.141379356384277,4.584521293640137,1384662,653893,653893,0,0,0,0,0,0,0,0,0
131,........94....92......7..45..1.3.....7.6..9..8....7..2.3.7..8....6.1....9....5.2.,123456789457189236689273145291538674374621958865947312532794861746812593918365427,0.018993139266967773,0.010996103286743164,0.05798220634460449,2841,1404,1404,0,0,0,0,0,0,0,0,0
132,...4....9.5...9.3.......1.52..8.......6.4.....1...53....42...7.8...67....7......3,123456789457189236689372145245893617396741528718625394564238971831967452972514863,0.01099538803100586,0.007997274398803711,0.041985273361206055,1116,542,533,0,2,0,0,0,0,0,0,0
133,1...5..8...7.....6.8.3..5..2......1...6.....7.9...38.....9.4....4..3.9.....8...2.,123456789457189236689372541238597614516248397794613852365924178842731965971865423,0.06098008155822754,0.03898739814758301,0.07697582244873047,7677,3938,3938,0,0,0,0,0,0,0,0,0
134,..3.5.7..4....9....8.2.....2......4..9.8.......1.6.5.....5.16......7...3..6....57,123456789457189236689237415265713948794825361831964572378591624542678193916342857,0.006997823715209961,0.005013227462768555,0.03499555587768555,832,407,407,0,0,0,0,0,0,0,0,0
135,..34..7.......9..6....2..1...8..4..13.....8..57.8..........8.9.8...6...2..53..1..,123456789457189236689723415298674351314295867576831924742518693831967542965342178,0.06397891044616699,0.03697323799133301,0.06699347496032715,10427,5656,5656,0,0,0,0,0,0,0,0,0
136,..3..6.8....1....6.6.72.....1...7..8..4...6..5..3..9...3...2..7..1...4..9......5.,123456789457189236869723514216597348394218675578364921635842197781935462942671853,0.009984493255615234,0.0060117244720458984,0.06497788429260254,1532,732,729,0,0,0,0,0,0,0,0,1
137,.....6......7...2...9.3.5....5.9.84.8..2....6.......7.39..4....5.....4....4..1..8,123456789456789123789132564265397841847215936931864275392548617518673492674921358,0.015992164611816406,0.010999202728271484,0.13195562362670898,2446,1271,1193,0,1,0,0,0,0,0,0,3
138,..3...7..4...8...6.9.....1.......6..6....4..8..16..39..7...2...5..8....2....45...,123456789457189236896237514285391647639574128741628395378962451564813972912745863,0.16194772720336914,0.08797383308410645,0.11796212196350098,26871,13883,13883,0,0,0,0,0,0,0,0,0
139,1..4.......7.8...6.9....41......3....3.8..9....5.6...7..2......5....8..2.7..2.65.,123456789457189236698372415214793568736845921985261347362517894549638172871924653,0.10997796058654785,0.057984113693237305,0.14195561408996582,18167,8984,8984,0,0,0,0,0,0,0,0,2
140,..34......5...9...6...2.1..2...6...1.4.5...6...6..3.....9...6.7......8.28...7..1.,123456789457189236698327145235864971741592368986713524319248657574631892862975413,0.0039958953857421875,0.004998922348022461,0.03297615051269531,584,292,292,0,0,0,0,0,0,0,0,0
141,.2...67..4...8..3....2.............53...4..1...5..76...34..8.9..81.9.4..9........,123456789457189236698273541249861375376542918815937624534628197781395462962714853,1.3985509872436523,0.655775785446167,0.6937801837921143,225327,106986,106986,0,0,0,0,0,0,0,0,0
142,......7.94....9.3..8....4.5..18......6..2....7....53..5....7..3.7.6.......2.1..7.,123456789457189236689372415291834567365721948748965321516247893874693152932518674,0.20093464851379395,0.1009683609008789,0.13095808029174805,30946,15559,15559,0,0,0,0,0,0,0,0,0
143,1....67...5.1....6..9....1...5..83..7..5...9..3...........4...25..6...7...4.2.8..,123456789457189236869273514215968347746532198938714625371845962582691473694327851,0.44185733795166016,0.22593259811401367,0.2808957099914551,72101,35314,35309,0,0,0,0,0,0,0,0,1
144,1....6....5......6..9.7..1...4.1..7.3..8......8...53.......4.2.....2.9.7..27..1..,123456789457189236869372514294613875315897462786245391571934628638521947942768153,0.03597593307495117,0.021009445190429688,0.048979997634887695,5717,2809,2423,0,1,0,0,0,0,0,0,0
145,1.....7...5..8...37..2.1....6...5...3.58....6....6.4....29..3.........9..3..4...8,123456789456789123798231645264195837375824916819367452542978361687513294931642578,0.18294382095336914,0.09396791458129883,0.11996698379516602,30080,14498,14498,0,0,0,0,0,0,0,0,0
146,....5.78...6..9..27.........3.....5....83.2....1..2..6.6......4..41..92.9....4...,123456789456789132789213645237691458645837291891542376362975814574168923918324567,0.008993387222290039,0.006998538970947266,0.172943115234375,1572,723,723,0,0,0,0,0,0,0,0,5
147,.2..5..8...71.9...6...........5...4..4......8....4.3.2..1..7..6.6..2..3.9..6..8..,123456789457189263698273514219538647345762198876941352581397426764825931932614875,1.7814319133758545,0.9896671772003174,1.087670087814331,284869,154439,154424,0,0,0,0,0,0,0,0,2
148,1.....7...5..8...37..2.1....6...5.3...58....6....6.4....29..3.........9..3..4...8,123456789456789123798231645264195837375824916819367452542978361687513294931642578,0.1379542350769043,0.05697059631347656,0.18793797492980957,16780,8417,8343,0,0,0,0,0,0,0,0,1
149,1..4..7....7..9..6.8.....5.....1....83..9......5..7.6.3.......5....4..92..2..56..,123456789457189236689273451276518943831694527945327168314962875568741392792835614,0.1419684886932373,0.0579838752746582,0.16494417190551758,17863,9066,7549,0,0,0,0,0,0,0,0,3
150,1...567.....1....6..9....1...5..83..7..5...9..3...........4...25..6...7...4.2.8..,123456789457189236869273514215968347746532198938714625371845962582691473694327851,0.49382686614990234,0.33689188957214355,0.3808777332305908,72101,35312,35312,0,0,0,0,0,0,0,0,0
151,.2......9..6.8.1..7.......5..46....8....4..1....3.84...9.....2.5....7..1..1.3.8..,123456789456789132789213645234671958867945213915328476398164527542897361671532894,0.22792649269104004,0.1299598217010498,0.15896129608154297,26763,13590,13590,0,0,0,0,0,0,0,0,0
152,....56.8..5.7....3..8......2.....9...4.5....7....92.6.3.......15..1..4...1..4..7.,123456789456789123798231645235674918649518237871392564364927851587163492912845376,0.1819324493408203,0.07997941970825195,0.13795852661132812,24613,11784,7110,0,1,0,0,0,0,0,0,2
153,..3...7..4...8..2...9.....6.1...43......2...79..8...5....5..6..5....8.9...129....,123456789456789123789132546215974368834625917967813254398541672572368491641297835,0.0199892520904541,0.01299905776977539,0.040985822677612305,3142,1643,1265,0,1,0,0,0,0,0,0,0
154,..34....9.5.......6....7.5.2..8..3....8..49...4..2...8..29....4.7..61.........1..,123456789457189236689237451261895347738614925945723618312978564574361892896542173,0.008980512619018555,0.00701451301574707,0.04098796844482422,1318,715,681,0,2,0,0,0,0,0,0,0
155,.2....7..4....9.3.6..723.4...85.........1....9....4.6..94....5.5.....6.3.....5...,123456789457189236689723541238567914746918325915234867394672158572841693861395472,0.2409055233001709,0.13897442817687988,0.2918868064880371,38928,21680,21678,0,0,0,0,0,0,0,0,4
156,1...5..8.......1...8...3..6..7..4.6.3...7...4.4....8..5.2....9....29.....6...7..8,123456789456789132789123546217834965398675214645912873572368491834291657961547328,0.049982309341430664,0.02898716926574707,0.08595681190490723,8282,4230,4215,0,0,0,0,0,0,0,0,1
157,..3.5...9...1..23.6..3..5....5.3.9.........2.8....7..4..2.4..9..6...1....7.8.....,123456789457189236689372541245638917736914825891527364312745698568291473974863152,0.015994787216186523,0.012996912002563477,0.039987802505493164,2323,1254,1254,0,0,0,0,0,0,0,0,0
158,..3..6...4.7....6..6....1...7...1.9....59.81.9.......2....2.9...4...3.7....8....5,123456789457189263869237154278341596634592817915678432386725941542913678791864325,0.006015777587890625,0.005980730056762695,0.03500556945800781,923,442,442,0,0,0,0,0,0,0,0,0
159,..345....4....9.3..8..3....2..9...4.....2...1..7...6..3...9..5...1..28...6......7,123456789456789132789231564215967348634825971897314625372198456541672893968543217,0.0389707088470459,0.022011280059814453,0.05198383331298828,6054,3095,3095,0,0,0,0,0,0,0,0,0
160,...4.67....7..........7..15.94.6.5.........98..591.6..3.............2.6...6.4.1..,123456789457189236689273415294368571761524398835917642342691857518732964976845123,0.010995149612426758,0.00897979736328125,0.09798431396484375,1734,908,645,0,3,0,0,0,0,0,0,2
161,...4.67....7..........7..15.94.6.5.........98..5.1.6..3....1........2.6...6.4.1..,123456789457189236689273415294368571761524398835917642342691857518732964976845123,0.005995035171508789,0.005997896194458008,0.043985605239868164,972,495,413,0,4,0,0,0,0,0,0,0
162,...4.67....71.........7..15.94.6.5.........98..5.1.6..3.............2.6...6.4.1..,123456789457189236689273415294368571761524398835917642342691857518732964976845123,0.010992050170898438,0.007997989654541016,0.04498624801635742,1752,911,413,0,4,0,0,0,0,0,0,0
163,..3.5.7.....7......8...2..6..4.....1.1....86.8....12..5.239...........9..4...8..2,123456789456789123789132546264873951317925864895641237572394618638217495941568372,0.06897878646850586,0.03898787498474121,0.15395331382751465,11424,5868,5739,0,1,0,0,0,0,0,0,3
164,..3.5.7.....7......8...2..62.4.....1.1....86......12..5..39......8....9..4...8..2,123456789456789123789132546264873951317925864895641237572394618638217495941568372,0.039998769760131836,0.022993087768554688,0.07897567749023438,6294,3271,2855,0,1,0,0,0,0,0,0,1
165,1.....7....71.9..6.8..7......8.9.6..5.......2...2.3.5...6.1.9...4.......9....4..3,123456789457189236689372415238591647561748392794263158376815924842937561915624873,0.021004676818847656,0.011995553970336914,0.04298543930053711,3283,1599,1570,0,1,0,0,0,0,0,0,0
166,.....67....71.9...68..7......6.1.8...3.9..........4.23..1.9.6..5..2....4.......5.,123456789457189236689372415296513847734928561815764923341895672568237194972641358,0.011997222900390625,0.0069844722747802734,0.12397623062133789,1796,840,746,0,0,0,0,0,0,0,0,3
167,...4...8...7..9....8..3.1..2.....9..7....53...3..6..1..6..9...15....46....2....9.,123456789457189236689732145246371958718945362935268417364597821591824673872613594,0.14993906021118164,0.07398843765258789,0.16593217849731445,23057,11387,11386,0,0,0,0,0,0,0,0,2
168,..3.5.7.....7......8...2..62.4.....1.1....86.8....12..5..39...........9..4...8..2,123456789456789123789132546264873951317925864895641237572394618638217495941568372,0.0370020866394043,0.02098250389099121,0.10796809196472168,6024,3044,3026,0,0,0,0,0,0,0,0,2
169,.2.....8...71....6.6..3........4.9.......38..7..5....2..5.9....6.1..54...7.6....5,123456789457189236968237514286741953514923867739568142345892671691375428872614395,0.17992830276489258,0.09998083114624023,0.21093392372131348,28716,14336,10499,0,0,0,0,0,0,0,0,4
170,.2.4...8...6.8....7....3..6...9.....6....7..1..4.2.9...67.....55.....31..1...5...,123456789456789132789213456231964578695837241874521963367142895542698317918375624,0.23892426490783691,0.13095712661743164,0.21593928337097168,39200,20662,20661,0,0,0,0,0,0,0,0,2
171,1......8..5.1....6..9.3.4....6.........9.36......6..24.7...5...8..3....7..2.4.3..,123456789457189236689237451296874513541923678738561924374615892865392147912748365,0.24193930625915527,0.13095545768737793,0.17994356155395508,38723,20407,6022,0,0,0,0,0,0,0,0,4
172,1.3.567......8...36....74.......5.715...........64.5.........2.7....41...9......7,123456789457189263689327415234895671516273894978641532345718926762934158891562347,1.188619613647461,0.6337993144989014,0.7247841358184814,134912,76209,68855,0,0,0,0,0,0,0,0,4
173,12....7....7....36....7..1..1...5...5..9....8..6.2.1...4..........8.4.9...1.3.6..,123456789457189236689273415218345967574961328936728154345692871762814593891537642,0.010010957717895508,0.005998373031616211,0.09197425842285156,1429,732,732,0,0,0,0,0,0,0,0,2
174,1....67.....18..3...9.7......4.....3.9.....2.7..6..5....2..1...8...6.1.....8.5.4.,123456789457189236689273451264518973591734628738692514372941865845367192916825347,0.04298663139343262,0.022992372512817383,0.05196833610534668,6832,3394,3394,0,0,0,0,0,0,0,0,0
175,...4.......7.8...66..7...5...1.6.3.839.........6.7...1........271..2......26.8...,123456789457189236689732154271965348395841627846273591564397812718524963932618475,0.011999130249023438,0.00899815559387207,0.04598236083984375,1820,1004,547,0,4,0,0,0,0,0,0,0
176,...4.......7.8...66......5...1.6.3.839.........6.7...1.....7..271..2......26.8...,123456789457189236689732154271965348395841627846273591564397812718524963932618475,0.010983705520629883,0.007997512817382812,0.04399681091308594,1600,837,547,0,4,0,0,0,0,0,0,0
177,..3..6.8....1....6.6..7.1..2...4.5...3...1..8......34....9......8...7..39.5....2.,123456789457189236869273154296348517534721968718695342341962875682517493975834621,0.016001462936401367,0.009990930557250977,0.03999042510986328,2494,1238,1074,0,1,0,0,0,0,0,0,0
178,.2....7..4....9.3.6..2.3.4.....1......85.....9....4.6..9.....5.5...4.6.3.....54..,123456789457189236689273541246918375738562914915734862394627158572841693861395427,0.3068866729736328,0.1629650592803955,0.19493627548217773,48871,25516,16900,0,2,0,0,0,0,0,0,2
179,1....6.8....7..1....9.....4.......5..18..5...5..36.8..6.5..8.3.8....3.1.....2....,123456789456789123789132564267894351318275496594361872645918237872643915931527648,0.017995357513427734,0.012996912002563477,0.09996628761291504,2882,1650,1104,0,2,0,0,0,0,0,0,2
180,1....6.8....7..1....9.....4.......5..18..5...5..36....6.5..8.3.8....3.1.....2...8,123456789456789123789132564267894351318275496594361872645918237872643915931527648,0.020982742309570312,0.014007568359375,0.09995412826538086,3342,1932,1104,0,2,0,0,0,0,0,0,2
181,........94....9.2..8.1..5....5..86..3.86......6..15.....2....47.3.5..8......7....,123456789456789123789132564275948631318627495964315278592861347637594812841273956,0.0410001277923584,0.022992849349975586,0.10896515846252441,6733,3247,3246,0,0,0,0,0,0,0,0,2
182,......7....71.9...68..7......1.9.8..8.......4.4.....2...8.1.6..5..2....3...9.3.5.,123456789457189236689372415231594867875621394946837521398715642514268973762943158,0.013009309768676758,0.009002447128295898,0.09696578979492188,2072,1072,1070,0,0,0,0,0,0,0,0,2
183,..3.....94...8.1...9.....4.2...1.4.......7.5..753.........6..146.......8...2.86..,123456789456789123798132546269815437314697852875324961587963214642571398931248675,0.020994186401367188,0.011994600296020508,0.15295672416687012,3242,1542,1305,0,0,0,0,0,0,0,0,4
184,.2.4..7.......9..3....3..462.7...8...8.....64...8......7.6..4....1..5...9...1..5.,123456789456789123798132546247963815389571264615824397572698431861345972934217658,0.02999424934387207,0.016989707946777344,0.10396718978881836,4486,2402,2368,0,0,0,0,0,0,0,0,2
185,1....6....5..8..3...9..2....7..4.3.....6....79....7..5..1...4...4..7...3..2..48..,123456789457189236869732154276945318315628947984317625591863472648271593732594861,0.7187683582305908,0.37688136100769043,0.28191089630126953,112080,59415,12497,0,0,0,0,0,0,0,0,6
186,1...5.7....7..9.3......7..4.8......3..4....2.6..5..9....8.1.....1..6...29....51..,123456789457189236896237514289741653574693821631528947368912475715864392942375168,0.17194414138793945,0.08797550201416016,0.19693565368652344,26282,13503,8234,0,0,0,0,0,0,0,0,4
187,1...5.7....7.....6..97...4......8..4.1..3.9.....6...2.39......25..8.......1.9.5..,123456789457189236689723145235978614816234957974615823398561472562847391741392568,0.011989116668701172,0.009002685546875,0.09396910667419434,1884,957,951,0,0,0,0,0,0,0,0,2
188,1...5.7....71......6...2..4.....834..8..........62...8..52...9..3...4..29...6....,123456789457189263869372514271598346386741925594623178645237891738914652912865437,0.3258981704711914,0.2019367218017578,0.2539081573486328,49573,28023,17288,0,0,0,0,0,0,0,0,4
189,.234.......6.8....7....35....4....7....8...9.9....7..53....1.5....2....3.6....9.1,123456789456789132789123546214395678675812394938647215342961857591278463867534921,0.005011081695556641,0.005000114440917969,0.03398633003234863,798,414,414,0,0,0,0,0,0,0,0,0
190,12....7....7....366...7..1......4.9.54.9.......1.3.6.......8......5....8..2.1.3..,123456789457189236689372415238764591546921873971835642315248967764593128892617354,0.0719747543334961,0.05798053741455078,0.08197379112243652,11297,6269,6269,0,0,0,0,0,0,0,0,0
191,...4.......678....7....2..4.3....6....1..5.9....2....5.9...7.1..6....3..8...2...7,123456789456789123789132564235894671641375298978261435392547816567918342814623957,0.00499725341796875,0.003998756408691406,0.04498600959777832,693,341,316,0,1,0,0,0,0,0,0,0
192,1...5..8......9..6..92..5.......3..8.7.9.......4.2.3..6...4....7.......1..5..24..,123456789457189236869237514216573948378964125594821367631745892742398651985612473,0.004996776580810547,0.005998134613037109,0.05798220634460449,535,278,273,0,1,0,0,0,0,0,0,0
193,....567....71....6......41.2...9.....3...5.....67...4...8...1..5...3...8.9...2...,123456789457189236689273415275394861834615927916728543368547192542931678791862354,0.05998039245605469,0.04698634147644043,0.0739750862121582,8066,4075,4075,0,0,0,0,0,0,0,0,0
194,......7....71.9...68..7......1.9.6.....3...2..4......3..8.6.1..5......4..1...2..5,123456789457189236689273451231895674796341528845627913378564192562918347914732865,0.033988237380981445,0.021993160247802734,0.14595389366149902,3810,2021,2016,0,1,0,0,0,0,0,0,2
195,...4......5...9..6..9.2..1..3......5..1..2.6.7.....8......1...78...6.3....62...4.,123456789457189236689327514238641975591872463764593821342918657815764392976235148,0.007996320724487305,0.007997274398803711,0.09796833992004395,930,458,443,0,1,0,0,0,0,0,0,2
196,1.....7....71.9...68..7......1.9.6.....3...2..4......3..8.6.1..5......4......2..5,123456789457189236689273451231895674796341528845627913378564192562918347914732865,0.025992393493652344,0.01600933074951172,0.10396862030029297,3890,2058,2056,0,0,0,0,0,0,0,0,2
197,.2...6...4...8......97..1........3.5.6....9.1..13...7...59....38....2..7....4....,123456789457189236689723154274891365368275941591364872745918623816532497932647518,0.004998207092285156,0.003988742828369141,0.035984039306640625,675,345,345,0,0,0,0,0,0,0,0,0
198,.2....7..4....9..3....2......1...6..8....3..4...67..1..8...5...5...3..4...98....5,123456789457189263698327451271594638865213974934678512382745196516932847749861325,0.1369457244873047,0.07099032402038574,0.10296797752380371,22335,11235,11184,0,1,0,0,0,0,0,0,0
199,.2.4...8......9..66.....5....87.....3....8.7..7..2.4....1..5.......1.9...3.8...4.,123456789457189236689237514218794365394568172576321498761945823842613957935872641,0.015012264251708984,0.009980201721191406,0.04498553276062012,2208,1143,958,0,3,0,0,0,0,0,0,0
200,1....6..9..67...2..8..3.5.....5..3...1...8..6....2......1..4..884.......9......7.,123456789456789123789132564298561347517348296634927815371294658842675931965813472,0.031992435455322266,0.017993927001953125,0.05098295211791992,5022,2588,2562,0,1,0,0,0,0,0,0,0
201,.2....7.........3...91....4..49....83.....6...7..6..2...5.98........1..5.4.5..8..,123456789456789132789132564264917358391825647578364921615298473837641295942573816,0.028992891311645508,0.01599287986755371,0.046987295150756836,4609,2204,2204,0,0,0,0,0,0,0,0,0
202,.2.4....9......1..7...3..4..1.6..9..5....8.....7..3.1......5....4.2...9.8.....6.2,123456789456789123789132546218647935534918267967523814392865471645271398871394652,0.014976024627685547,0.009997129440307617,0.07198905944824219,2339,1247,1207,0,0,0,0,0,0,0,0,1
203,...4...8...7..92......3...526...1.....19.....7...2.1..5......4...6..29.....8....3,123456789457189236689237415268571394341968572795324168512693847836742951974815623,0.04098224639892578,0.023977279663085938,0.05699658393859863,6401,3382,3378,0,1,0,0,0,0,0,0,0
204,...4...8.4....9..2...23.....7...56..3..9....5.......1.5...9...4.6.5...7...1...8..,123456789456789132789231546274315698318967425695824317537198264862543971941672853,0.028995037078857422,0.01699066162109375,0.03897500038146973,4612,2278,278,0,1,0,0,0,0,0,0,0
205,...4.67....7..9..6....7..5.2......1..8......3..6.4.5..3.......8..5.9.4...1.2.....,123456789457189236698372154249635817581927643736841592372514968865793421914268375,0.01799750328063965,0.010977983474731445,0.04400157928466797,2763,1330,1327,0,1,0,0,0,0,0,0,0
206,.2......9..6.8.1..7......5...46.8....6.3..8......4...1.9.....2......5..7..1.6.3..,123456789456789132789213456214698573567321894938547261395174628642835917871962345,0.18793606758117676,0.09397125244140625,0.12694644927978516,29774,14246,14205,0,1,0,0,0,0,0,0,0
207,1.....7....71.9...68..7......1.9.8...4.2....5.......2...8.6.9..5....3.4.........3,123456789457189236689372451231795864746238195895641327318564972572913648964827513,0.034987449645996094,0.020980358123779297,0.11197614669799805,5540,2886,2884,0,0,0,0,0,0,0,0,2
208,1..4...8..5...9..6....3.1...9...5..7..8.2.4.........2.7.5..3....3.69............3,123456789457189236689732154294865317378921465516374928765243891831697542942518673,0.09795355796813965,0.049983978271484375,0.20093917846679688,15495,7462,7460,0,0,0,0,0,0,0,0,4
209,.2...6..94..18......8...4....1....5....5......6...3..2.....7.9..7..9.3....26....7,123456789457189263698372415231768954749521638865943172384217596576894321912635847,0.2679259777069092,0.14795446395874023,0.29189205169677734,42431,23774,23774,0,0,0,0,0,0,0,0,0
210,.2...6..9..71........23..1....5..3..5...7.....8...2..6.....4...6.8.....4.4....92.,123456789457189263869237415274568391536971842981342576312894657698725134745613928,0.06596684455871582,0.04598498344421387,0.11697936058044434,6561,3665,2016,0,1,0,0,0,0,0,0,2
211,...4.....45.....6...8..7..1..9..8..73.........6.5..3....2.7..9......217....8....2,123456789457189263698237451249368517385721946761594328512673894836942175974815632,0.03099203109741211,0.013993024826049805,0.041989803314208984,3431,1865,1021,0,1,0,0,0,0,0,0,0
212,.2...6..9..71.........3..1....5..3..5...7.....8...2..6.....4...6.8.2...4.4....92.,123456789457189263869237415274568391536971842981342576312894657698725134745613928,0.031989097595214844,0.019978761672973633,0.15295076370239258,5081,2798,2016,0,1,0,0,0,0,0,0,2
213,1...5...9..7...2...6.....4...6..1........84..9..5....83....5..1..13...2..7.9.....,123456789457189236869237145286741593735698412914523678342875961591364827678912354,0.003997325897216797,0.0049991607666015625,0.09495377540588379,649,334,331,0,1,0,0,0,0,0,0,2
214,1...5.7...5...9.3..8...7....4..1........6...29....51....4.....87..5..6...3.....2.,123456789457189236689327451245913867371864592968275143514692378792538614836741925,1.0316712856292725,0.540813684463501,0.6947925090789795,156817,83034,80915,0,1,0,0,0,0,0,0,4
215,1..4...8..5...9..2..9...4.....6..8.36............41.6...2.7.5...7.......8..3...4.,123456789456789132789213456245697813618532974937841265362174598574968321891325647,0.12294435501098633,0.0679779052734375,0.12897419929504395,14903,8241,5603,0,1,0,0,0,0,0,0,2
216,1..4.......7.8...6.9....41..3............39....5.6...7..2..8....7..2..6.8....5..2,123456789457189236698372415234897651716543928985261347362718594571924863849635172,0.2599189281463623,0.12295675277709961,0.19293904304504395,36772,19427,12010,0,1,0,0,0,0,0,0,3
217,1..4..7....6....2.....3...5.....5..6....24.3.8..1..4....7...9...149.....9....8...,123456789456789123798231645241395876679824531835167492387612954514973268962548317,0.01398158073425293,0.01201486587524414,0.041982173919677734,2097,943,399,0,1,0,0,0,0,0,0,0
218,........9.5.1...3...9.2.4...3.7...5.......8..8....4..2.....1.6.5.16......6..73...,123456789457189236689327415234768951796215843815934672342891567571642398968573124,0.006997585296630859,0.005998373031616211,0.12597942352294922,880,433,430,0,0,0,0,0,0,0,0,2
219,........94....9.2..8.1..5.......56..3.56......6..18.....2....47.3.5..8......7....,123456789456789123789132564278945631315627498964318275592861347637594812841273956,0.0819704532623291,0.04398393630981445,0.18793797492980957,13031,6691,4789,0,0,0,0,0,0,0,0,4
220,......7...5.1....6..9.7..4.2....49...1.6....8.......2.5.13.......8.....3.3..68...,123456789457189236689273145275834961314692578896715324561347892748921653932568417,0.011995792388916016,0.007998466491699219,0.09995555877685547,1777,877,873,0,0,0,0,0,0,0,0,2
221,.....6....56...1..7...3..4.2............2.9.4.4.3.7.2.3...4..9...8.......1.8....5,123456789456789132789231546297614358631528974845397621362145897578962413914873265,0.17694568634033203,0.09796810150146484,0.21493053436279297,28582,14731,14728,0,0,0,0,0,0,0,0,3
222,...4.67....7.....6....7..512..........4.1.5...9.2....8.3.......8....3.9...6.4.1..,123456789457189236689372451218537964364918572795264318532691847841723695976845123,0.028974294662475586,0.017006397247314453,0.10697007179260254,4547,2347,2345,0,0,0,0,0,0,0,0,2
223,..3.5..8.4....91...8.......2...........64.2.......2.91.753...4.........79....46..,123456789456789123789123564214597836398641275567832491675318942842965317931274658,0.4738471508026123,0.2439265251159668,0.2759063243865967,78536,39353,19622,0,0,0,0,0,0,0,0,4
224,..34..7...5...9.3.6..3.....2.....8...4..9..5.7.....6.......1..8.1.9...4...2..5...,123456789457189236689327415265714893348692157791538624534261978816973542972845361,0.052996158599853516,0.0309906005859375,0.2969076633453369,8684,4479,3758,0,0,0,0,0,0,0,0,8
225,.2....7..4....9.3.6..2.3.4.....1......85.....9....4.6..94....5.5.....6.3.....5...,123456789457189236689273541246918375738562914915734862394627158572841693861395427,0.3958559036254883,0.2149486541748047,0.33287715911865234,50025,26537,26535,0,0,0,0,0,0,0,0,4
226,.2.4....9....8....6.8...1.....7..39..7.....2.....24..75.........4.9....3..1..5.6.,123456789457189236698237145215768394374591628869324517582643971746912853931875462,0.0050127506256103516,0.004998683929443359,0.18493914604187012,753,412,405,0,0,0,0,0,0,0,0,5
227,1.....7...5...9.3.....2...1..6....4.3.5..4....4.96......87....2.3...5.6.......8..,123456789457189236689327451276518943395274618841963527568741392732895164914632875,0.009996175765991211,0.006997108459472656,0.09697341918945312,1467,740,660,0,0,0,0,0,0,0,0,2
228,1....6..9.5.7...2.......5...3......8.91..8...8..36........2.47...4......9....3..1,123456789456789123789132564237594618691278345845361297318925476564817932972643851,0.06897902488708496,0.03798699378967285,0.15993618965148926,10934,5641,5632,0,0,0,0,0,0,0,0,3
229,1....6.8.....8.2...89.7.........53....4..1...7...6..1.5..6...7..4....9....2.....3,123456789457189236689273145218945367364721598795368412531692874846537921972814653,0.017992258071899414,0.011982202529907227,0.16194915771484375,2803,1502,1499,0,0,0,0,0,0,0,0,4
230,1...5.7....7..9.3..8...7....4..1........6...29....51....4.....87..5..6...3.....2.,123456789457189236689327451245913867371864592968275143514692378792538614836741925,0.9607081413269043,0.514833927154541,0.6617801189422607,156725,82144,81554,0,0,0,0,0,0,0,0,4
231,1..4...8..5...9..2..9.........6..8.36.......4....41.6...2.7.5...7.......8..3...4.,123456789456789132789213456245697813618532974937841265362174598574968321891325647,0.09596896171569824,0.05400204658508301,0.13093781471252441,14413,7874,5644,0,0,0,0,0,0,0,0,2
232,1..4...8..5...9..2..9..........48.6....6..3.16.........72..15..8..3...1.....7....,123456789456789132789213456237148965598627341614935278372861594845392617961574823,0.12897515296936035,0.06696391105651855,0.22194218635559082,20939,10056,9909,0,0,0,0,0,0,0,0,4
233,12....7....7....36....7....2..9......4...5.9...1.2.6..........85..8.4.....2.6.1..,123456789457189236689372415265943871748615392931728654374291568516834927892567143,0.11996126174926758,0.061983346939086914,0.21492791175842285,19050,9429,9406,0,0,0,0,0,0,0,0,4
234,12....7....7....366...7...........9..4.9.5.....6.2.3..5....4..8...8.......2.6.1..,123456789457189236689372415275643891348915627916728354561234978734891562892567143,0.2039339542388916,0.10296821594238281,0.20495152473449707,31844,15905,13397,0,0,0,0,0,0,0,0,3
235,12....7....7....366...7.........8.5..4.9....8..1.2.3.....5.......2.6.1..9....4...,123456789457189236689372415236748951745931628891625347314597862572863194968214573,0.05397963523864746,0.030989885330200195,0.12094783782958984,8539,4565,4562,0,0,0,0,0,0,0,0,2
236,12....7....7....366...7.....4..........8.4.9...1.3.6.......5...5..9....8..2.1.3..,123456789457189236689372415245691873736824591891537642318245967574963128962718354,0.8797323703765869,0.43384695053100586,0.4678664207458496,137348,69049,55521,0,0,0,0,0,0,0,0,3
237,....5..8...6..91.....2....4.17.......3..4....6....73....1....5..6...39..9..8....2,123456789456789123798231564217365498539148276684927315341692857862573941975814632,0.03598809242248535,0.02199697494506836,0.05197882652282715,5696,3093,3093,0,0,0,0,0,0,0,0,0
238,..3..67..45...............4..8...........8.26...37.8....2..76...1..9..7.9..5...1.,123456789456789132789231564238165947571948326694372851342817695815694273967523418,0.3998723030090332,0.22793197631835938,0.1519479751586914,63657,31595,9637,0,1,0,0,0,0,0,0,2
239,..3..67..45...............4..8.....7.....8.26...37.8....2..76...1..9....9..5...1.,123456789456789132789231564238165947571948326694372851342817695815694273967523418,0.23392462730407715,0.11696505546569824,0.15395188331604004,36297,17880,9637,0,1,0,0,0,0,0,0,2
240,..3......4...8..36..8...1...4..6..73...9..........2..5....7..686....4...7.....54.,123456789457189236968327154249561873576938412831742695314275968695814327782693541,0.08695316314697266,0.046000003814697266,0.20493173599243164,13319,6685,5480,0,1,0,0,0,0,0,0,4
241,..3......4...8..36..8...1...4..6..73...9...1......2.....4.7..686........7....35..,123456789457189236968327154249561873576938412831742695314275968695814327782693541,0.08497095108032227,0.04598689079284668,0.13694334030151367,13094,6553,5474,0,2,0,0,0,0,0,0,2
242,..34.........8..36..8...1.4.4..6..73...9..........2..5..4.7..686........7.....5..,123456789457189236968327154249561873576938412831742695314275968695814327782693541,0.12995290756225586,0.06897926330566406,0.24190950393676758,20569,10465,8742,0,1,0,0,0,0,0,0,4
243,.2......945...9.2....1....4....6....34...52....8......59...3..2...5...3.....7..5.,123456789456789123789132564275361498341895276968247315597613842614528937832974651,0.019997358322143555,0.0149993896484375,0.15693306922912598,3272,1817,976,0,2,0,0,0,0,0,0,4
244,.2......945...9.2....1....4..5.6....34...52....8.......9...3..2...5...3.....7..5.,123456789456789123789132564275361498341895276968247315597613842614528937832974651,0.022002220153808594,0.013981103897094727,0.1589643955230713,3382,1738,976,0,2,0,0,0,0,0,0,4
245,.2...6.8.4.....2.6...3.......59...1..6...28..........7.7...1..85...3......9.4..7.,123456789457189236698327145285973614764512893931864527376291458542738961819645372,0.00900721549987793,0.0069997310638427734,0.03698611259460449,1362,660,656,0,1,0,0,0,0,0,0,0
246,.2.4.......6.8.1..7....2.......4..96...8.14....4......53.........8.1.9.....5...73,123456789456789132789132564217345896365891427894627351532974618678213945941568273,0.02798914909362793,0.016999483108520508,0.1299424171447754,4588,2358,1227,0,1,0,0,0,0,0,0,3
247,1......8...67....3.8....5....53....6.4...19..9...4.......2..65...2..........73..2,123456789456789123789132564215397846647821935938645271394218657572964318861573492,0.009012222290039062,0.006994962692260742,0.09696817398071289,1449,705,693,0,1,0,0,0,0,0,0,2
248,1..4..7....71.9...6...7....2......5...1.6.4.....3....8..6.4.9..5......2..8......3,123456789457189236698273514264918357831765492975324168316842975549637821782591643,0.05298590660095215,0.027988910675048828,0.05997896194458008,8597,4081,4072,0,1,0,0,0,0,0,0,0
249,1.34......5...9.2.........4.....19.5.1..........27..1..7...2.9.6..3..8..8...6....,123456789456789123789123564238641975517938642964275318375812496642397851891564237,0.0059969425201416016,0.004995584487915039,0.15495610237121582,862,431,425,0,1,0,0,0,0,0,0,4
250,1....67......8......92...5.....4...85..3...1......76..3.2.......1.9...2.9.5.....4,123456789456789132789213456237641598564398217891527643342865971618974325975132864,0.007992267608642578,0.00599980354309082,0.036975860595703125,1308,602,602,0,0,0,0,0,0,0,0,0
251,......7.94...8..3......2..5.4..3..6.3.8.....7..69......1.2......3...5.....4.6..1.,123456789457189236869372145241537968398621457576948321615294873732815694984763512,0.03198981285095215,0.018993854522705078,0.09695792198181152,5259,2605,308,0,0,0,0,0,0,0,0,2
252,......7....71.9...68..7......1.9.6..8.......4.4.....2...8.6.1..5..3..........2.53,123456789457189236689273415231594678875621394946837521398765142512348967764912853,0.003998756408691406,0.005000591278076172,0.2139441967010498,593,309,305,0,0,0,0,0,0,0,0,6
253,......7....71.9...68..7......1.9.6.........2484.........8.6.1..5.......3...3.2.5.,123456789457189236689273415231594678796831524845627391378965142512748963964312857,0.0039997100830078125,0.004998445510864258,0.21291661262512207,593,318,309,0,0,0,0,0,0,0,0,6
254,...4.67....7..........7..152.........9.2....8..4.6.1..38.....9....6.3.....6.1.5..,123456789457189236869372415218735964695241378734968152381524697572693841946817523,0.020983219146728516,0.014990568161010742,0.10598134994506836,3425,1783,1781,0,0,0,0,0,0,0,0,2
255,..3......4...8..36..8...1...4..6..73...9..........2..5..4.7..686........7..6..5..,123456789457189236968327154249561873576938412831742695314275968695814327782693541,0.12795782089233398,0.07198119163513184,0.22491049766540527,20597,10783,9025,0,0,0,0,0,0,0,0,4
256,..3......4...8..36..8...1...4..6..73...9..........2..5..4.7..686....4...7.....5..,123456789457189236968327154249561873576938412831742695314275968695814327782693541,0.11096739768981934,0.05999422073364258,0.21792936325073242,17449,9032,7588,0,0,0,0,0,0,0,0,4
257,..3......4...8..36..8...1...4..6..73...9...1......2.....4.7..686........7..6..5..,123456789457189236968327154249561873576938412831742695314275968695814327782693541,0.11896347999572754,0.06497740745544434,0.2249162197113037,18001,9463,7887,0,0,0,0,0,0,0,0,4
258,..34......5....1..7....3..52.7....6..3...7..88..9.........4..9...8..2..7...6...1.,123456789456789132789213645297834561534167928861925374372541896618392457945678213,0.19493722915649414,0.09996581077575684,0.18894147872924805,31650,15534,15531,0,0,0,0,0,0,0,0,2
259,..34.....4...8..36..8...1...4..6..73...9..........2..5..4.7..686........7.....5..,123456789457189236968327154249561873576938412831742695314275968695814327782693541,0.12795782089233398,0.08495974540710449,0.22594475746154785,20599,10687,8949,0,0,0,0,0,0,0,0,4
260,.2.4....9..7..9.....9..31.....6...5....2..8...9...4..2.6..4...37.....5....8....1.,123456789457189236689723145274698351316275894895314672561847923742931568938562417,0.040986061096191406,0.023988008499145508,0.17892956733703613,6641,3407,3403,0,0,0,0,0,0,0,0,4
261,1.....7....71.9...68..7......8.6.9..3..2...5.........2..6.1.8...4......3.....5.4.,123456789457189236689372415218563974364297158975841362536914827741628593892735641,0.005997657775878906,0.005998134613037109,0.09698176383972168,1003,506,504,0,0,0,0,0,0,0,0,2
262,1.....7....6.8.1...89.....6...5.....6...9...1.3...2.5.......4....23.4...8...6...7,123456789456789132789231546218547693645893271937612854371928465562374918894165327,0.3009071350097656,0.1689472198486328,0.2548999786376953,48124,26707,26644,0,0,0,0,0,0,0,0,2
263,1....6.8....7......9..3.......56..3.3.............38.15....1.6.....2.4..8.2..5.1.,123456789456789123798132546217568934385914672964273851579341268631827495842695317,0.05098223686218262,0.02199387550354004,0.20093488693237305,4088,2344,1756,0,0,0,0,0,0,0,0,4
264,1....6.8..5.1..2....9...1...9..3......45.....6....2..8.4.....6.7....18.....3...7.,123456789457189236869273154298634517374518692615792348541827963736941825982365471,0.08799314498901367,0.042966365814208984,0.18694067001342773,12549,6463,5025,0,0,0,0,0,0,0,0,4
265,1....67...57.8......6.....4...9...4.....2...8.1...36..3.......25...9......1..75..,123456789457189236896732154268915347735624918914873625349561872572398461681247593,0.06297826766967773,0.03498983383178711,0.11996150016784668,9736,4707,3210,0,0,0,0,0,0,0,0,2
266,1....67...5.....3...8....4.....9...3..5.12...9..6..1...4.7....8.....1...7...6.9..,123456789457189236698237541271594863865312497934678125349725618586941372712863954,0.024991273880004883,0.013995170593261719,0.07397627830505371,3833,1830,1829,0,0,0,0,0,0,0,0,1
267,1....6...4....9.3..8.2..6....4.....7.9..2.8..5......1....3...7..3...29....58.....,123456789456789132789213645264138597391527864578964213612395478837642951945871326,0.025991201400756836,0.020992517471313477,0.21293330192565918,4183,2119,1610,0,0,0,0,0,0,0,0,4
268,12....7....7....36....7......6.1.3...4.8.....9....4..8..2.6.1.....9...5......5..2,123456789457189236869273415286517394345892671971634528592768143634921857718345962,0.08697152137756348,0.04398536682128906,0.20493435859680176,9509,4759,4745,0,0,0,0,0,0,0,0,4
269,.2.4.......6.8....7....35....4....7....8..39.9....7..53....1.5....2....3.6......1,123456789456789132789123546214395678675812394938647215342961857591278463867534921,0.0029976367950439453,0.004000663757324219,0.03498482704162598,447,229,229,0,0,0,0,0,0,0,0,0
270,.2.4.......7.8...6.....3.5...9.6...1.....23.....5...4...1...8..6...1...797.......,123456789457189236896723154239864571514972368768531942341697825682315497975248613,0.03599429130554199,0.017976045608520508,0.050002336502075195,5411,2511,2511,0,0,0,0,0,0,0,0,0
271,...4.67....7..........7..1529......8..6.1.5.....2......3.......8....3.9...5.4.6..,123456789457189236689372415291765348346918572578234961732691854864523197915847623,0.03798675537109375,0.02399301528930664,0.2309257984161377,6187,3405,2371,0,1,0,0,0,0,0,0,6
272,1...5...9......12...8...5...3...7...5...6..1...48......7...4...6...2.9.....3....6,123456789456789123798231564231547698587963412964812375372694851645128937819375246,0.05796480178833008,0.033003807067871094,0.07497763633728027,4873,2415,1395,0,1,0,2,0,0,1,0,0
273,.....6.8.4....9....6..7.1...9...73......1..2...5.3.....1.7..6....4.....2..8.....5,123456789457189236869273154291567348386914527745832961512748693674395812938621475,0.008995771408081055,0.0059850215911865234,0.32190942764282227,1231,635,580,0,0,0,0,0,0,0,0,9
274,....5.7..4....9.3..8....4......1..9.7....23....6....2...85.......1.6....9....4..3,123456789457189236689237451234718695715692348896345127378521964541963872962874513,0.09295821189880371,0.05099773406982422,0.2739100456237793,14979,7799,5007,0,1,0,0,0,0,0,0,7
275,......7....71.9...68..7......8.6.1..5.............3.52..1.9.8...4.2....3.......4.,123456789457189236689372415238965174594721368716843952361594827845217693972638541,0.04900336265563965,0.027985334396362305,0.2719004154205322,7909,4252,1862,0,0,0,0,0,0,0,0,7
276,......7....71.9...68..7......8.6.1..5..3...2.........3..1.9.8.......2..4.4.....5.,123456789457189236689273415238965147516347928794821563361594872875612394942738651,0.0060007572174072266,0.0059969425201416016,0.16494536399841309,1029,499,495,0,0,0,0,0,0,0,0,4
277,........94....9.2..8.1..5.......56..3..6......6..18..5..2....47.3.5..8......7....,123456789456789123789132564278945631315627498964318275592861347637594812841273956,0.1319408416748047,0.06897878646850586,0.10298418998718262,20331,10524,10520,0,1,0,0,0,0,0,0,0
278,......7....71.9...68..7......1.9.6...4...2..58......2...8.6.9..5......3....3....4,123456789457189263689273451231795648746832195895641327378564912514927836962318574,0.01599574089050293,0.009996175765991211,0.15693402290344238,2425,1213,1171,0,1,0,0,0,0,0,0,4
279,......7....71.9...68..7......1.6.8...6.....42.....2.....6.9.1..54......3.1.3...5.,123456789457189236689273415231564897765918342894732561376895124548621973912347658,0.005998849868774414,0.007010221481323242,0.11896872520446777,464,234,228,0,1,0,0,0,0,0,0,3
280,....5....4....92....9....1.2..7.39....6.....79....43...94...8.......8.9.8......23,123456789457189236689237514241763958536892147978514362394625871712348695865971423,0.029989242553710938,0.016994714736938477,0.10996770858764648,4774,2262,2210,0,2,0,0,0,0,0,0,2
281,...4.......6.8.1..7....3..4.3.5.......9.6.8.......7.5...2....166...2....98....2..,123456789456789123798213564237548691519362847864197352342875916675921438981634275,0.011997461318969727,0.007996797561645508,0.09894919395446777,1763,894,833,0,1,0,0,0,0,0,0,2
282,...4.......6.8.1..7....3..4.3.5.......9.6.8...6...7.5...2....16....2....98....2..,123456789456789123798213564237548691519362847864197352342875916675921438981634275,0.016010284423828125,0.00798344612121582,0.09798169136047363,1663,858,833,0,1,0,0,0,0,0,0,2
283,...45.7...5...9.3.6..3.....2....1....3.9...5.9....5..8.1..9..4...2...8..7.....6..,123456789457189236689327415275831964836974152941265378318692547562743891794518623,0.02599167823791504,0.014991521835327148,0.09797215461730957,4164,2085,1777,0,1,0,0,0,0,0,0,2
284,..34....94...8.1...9.......2...1.8.....3.7.5..75.........2.86......6..146.......8,123456789456789123798132546234615897861397452975824361319248675587963214642571938,0.049985647201538086,0.042000532150268555,0.11194801330566406,7908,3625,3392,0,1,0,0,0,0,0,0,2
285,.2...6.8....7..1....92..........83....5..4....4.6...7..7..6..2.5.......3..1...9..,123456789456789132789213456217598364635174298948632571374961825592847613861325947,0.005997896194458008,0.0049991607666015625,0.15794730186462402,820,411,400,0,1,0,0,0,0,0,0,4
286,.2...6.8....7..1....92..........43....5..8....4.6...7..7..6..2.5.......3..1...9..,123456789456789132789213456217594368635178294948632571374961825592847613861325947,0.0049991607666015625,0.004999399185180664,0.15793347358703613,760,386,376,0,1,0,0,0,0,0,0,4
287,1.....7....71.9...68..7......1.6.8...6.....42.....2.....6.9.1..54......3...3...5.,123456789457189236689273415231564897765918342894732561376895124548621973912347658,0.003010272979736328,0.003000497817993164,0.15193700790405273,464,234,228,0,1,0,0,0,0,0,0,3
288,1....6.8..5.1....6..9.3.5...7.8.......5.2.9.......7...39....4......4......4....52,123456789457189236689732514271895643835624971946317825392571468568243197714968352,0.015994787216186523,0.011995553970336914,0.15694975852966309,1562,841,822,0,1,0,0,0,0,0,0,2
289,1....67.....18..3..9..7......4.1...3..9....2.8..6..1....2......5...6.8.......5.4.,123456789457189236698273415264718953719534628835692174382941567541367892976825341,0.013994693756103516,0.009996652603149414,0.055982112884521484,1439,760,667,0,1,0,0,0,0,0,0,0
290,12....7....7....36....7.........5..85..9.......6.2.3...4..........8.4.9...2.6.1..,123456789457189236689372415234615978578943621916728354345291867761834592892567143,0.2989034652709961,0.1899394989013672,0.46286725997924805,38970,19943,13587,0,1,0,0,0,0,0,0,7
291,......7....71.9...68..7......1.9.8..8.......4.4.....2...8.6.1..5..2....3...9.3.5.,123456789457189236689372415231594867875621394946837521398765142564218973712943658,0.004996061325073242,0.004000425338745117,0.14995241165161133,632,334,330,0,0,0,0,0,0,0,0,4
292,......7....71.9...68..7......1.9.6...4......28......4...8.6.1..5.......3...2.3.5.,123456789457189236689372415231594678746831592895627341378965124512748963964213857,0.0039975643157958984,0.0039997100830078125,0.17894411087036133,593,322,318,0,0,0,0,0,0,0,0,4
293,......7....71.9...68..7......1.6.9..84.....2.........43..2...5...8.1.6.......5..3,123456789457189236689372415231564978846937521975821364364298157598713642712645893,0.0189816951751709,0.011011362075805664,0.1649327278137207,2793,1369,1365,0,0,0,0,0,0,0,0,4
294,......7....71.9...68..7......1.6785.5....3.....8.1.9....6.9.1...4.....9.........2,123456789457189236689372415231967854594823671768514923376295148842631597915748362,0.002999544143676758,0.005011796951293945,0.15795040130615234,506,280,276,0,0,0,0,0,0,0,0,4
295,...4.......6.8.1..7....3..4.3.5.......9.6.8.......7.5...2....16....2...898....2..,123456789456789123798213564237548691519362847864197352342875916675921438981634275,0.011990547180175781,0.00899958610534668,0.09696650505065918,1891,962,955,0,0,0,0,0,0,0,0,2
296,...4.67....7..........7..512..8...9...1.4.6...9........3.......8....3..2..6.1.5..,123456789457189263689372451264837195371945628598621374732594816815763942946218537,0.09397172927856445,0.05196738243103027,0.21594500541687012,14831,7976,7974,0,0,0,0,0,0,0,0,4
297,..3.....94.....2...6..7..1..1...7.5...46........5....2.8.7...6......8..39....18..,123456789457189236869273415216897354594632178738514692382745961671928543945361827,0.01499176025390625,0.009996891021728516,0.15795159339904785,2383,1182,1179,0,0,0,0,0,0,0,0,4
298,..3......4...8..36..83..1...4..6..73...9..........2..5..4.7..686........7.....5..,123456789457189236968327154249561873576938412831742695314275968695814327782693541,0.0739753246307373,0.04097437858581543,0.26491403579711914,11870,6068,5077,0,0,0,0,0,0,0,0,4
299,.2...6.8.4.......2..9...4...7............76.1...82..7.3...9...5..53......6...8.1.,123456789456789132789213456271635948538947621694821573347192865815364297962578314,0.3958730697631836,0.21692943572998047,0.29792118072509766,49372,24153,12579,0,0,0,0,0,0,0,0,4
300,.2.4...8.....8....7....2..6..49..1..6....7..3.9..1.....62.....55.....37......5...,123456789456789231789132546234968157615247893897513624362874915548691372971325468,0.0069963932037353516,0.006997823715209961,0.1649489402770996,1225,622,622,0,0,0,0,0,0,0,0,4
301,1....6....5..8..3.7..2......4..9...3.....79..9..6..5.......2..8.9..4.3..8.1.....4,123456789456789132789213456247591863365827941918634527534972618692148375871365294,0.01800704002380371,0.011993646621704102,0.15793704986572266,2842,1493,1491,0,0,0,0,0,0,0,0,4
302,12....7....7....36....7..1..4...5.9....9.......1.3.6..5....4..8.1.8.......6.2.1..,123456789457189236689372415248765391365941827971238654532614978714893562896527143,0.07597661018371582,0.04298877716064453,0.12895750999450684,11829,6447,6446,0,0,0,0,0,0,0,0,2
303,.......8...6.8.1..7....3..4.47..5...5..32............53....4..7......9...1.9...6.,123456789456789132789213654247895316561327498938641275395164827672538941814972563,0.13895440101623535,0.07996368408203125,0.23593997955322266,21818,11943,11718,0,1,0,0,0,0,0,0,4
304,1......8....18...6..9..35.......4.....4....2593....4...7..........76......2..59..,123456789457189236869273514216534897784691325935827461371948652598762143642315978,0.23590779304504395,0.12997031211853027,0.28290843963623047,37127,20720,8155,0,1,0,0,0,0,0,0,6
305,1....6.8..5.1..2.6...3..1....9.4..7.........26....18...4.9.....7....2..8..5.3....,123456789457189236986327154219845673578693412634271895342918567791562348865734921,0.5038440227508545,0.3228795528411865,0.37589263916015625,79417,43522,43522,0,0,0,0,0,0,0,0,0
306,1..........7.8...6.9.3...1...46........7.8..4....4.62.5.........3...59....2.6...7,123456789457189236698372415284691573365728194971543628549237861736815942812964357,0.16494369506835938,0.0929710865020752,0.1409444808959961,26702,14320,7667,0,0,0,0,0,0,0,0,2
307,1.....7...5...91...89.....5......6.....26....9....1..8..234.....3.....4.8....5..7,123456789456789123789132465215893674378264951964571238592347816637918542841625397,0.21893000602722168,0.12295937538146973,0.24592232704162598,25842,14074,12054,0,0,0,0,0,0,0,0,3
308,12....7....7....36....7.........4..8.4.9.......6.2.3...7.5.8.9.5..........2.3.1..,123456789457189236689372415235714968748963521916825347371548692564291873892637154,0.10596632957458496,0.05898094177246094,0.2909224033355713,15606,7778,7771,0,0,0,0,0,0,0,0,7
309,.2..5......6..9..17..3.....2...6.8....8..4.1.....3.6....4..81..5......9..7.....4.,123456789456789231789312456245961873638274915917835624394528167562147398871693542,0.012995481491088867,0.01000356674194336,0.1559441089630127,2056,1038,1001,0,1,0,0,0,0,0,0,4
310,1....6.8.....8.2...9..7......4.....35..6...7...9.....2..5..1..48...6..5......53..,123456789457189236698273145264718593531692478789534612375921864842367951916845327,0.011000871658325195,0.007993698120117188,0.21093082427978516,1711,874,815,0,1,0,0,0,0,0,0,6
311,1..4......5...92......7..14..6.9.....3...59.........67......8..5.2..8....8.93....,123456789457189236869273514216397458738645921945821367371564892592718643684932175,0.25690484046936035,0.14995217323303223,0.4578545093536377,32634,16985,15933,0,1,0,0,0,0,0,0,6
312,.2......9.5.1..2..6..7...5.....1......68.5.2.....2...3.6.2.8.7.7...6.4..8........,123456789457189236689732154278913645316845927945627813564298371732561498891374562,0.05898022651672363,0.02698993682861328,0.12096214294433594,7663,3819,3801,0,2,0,0,0,0,0,0,2
313,.2......9.5.1..2..6..7.2.5.....1......68.5.2.........3.6.2.8.7.7...6.4..8........,123456789457189236689732154278913645316845927945627813564298371732561498891374562,0.0659780502319336,0.040987253189086914,0.15596914291381836,7823,3917,3801,0,2,0,0,0,0,0,0,2
314,.2...6.8....1....66..73.......3...5...9...4..7....1..8..58..9..8....3..1.4..1....,123456789457189236698732145281394657539678412764521398315867924872943561946215873,0.012983560562133789,0.008999347686767578,0.039998769760131836,2090,1080,1074,0,1,0,0,0,0,0,0,0
315,......7....71.9...68..7......1.6.85.5....3...7.8.1.9....6.9.1...4.....9.........2,123456789457189236689372415231967854594823671768514923376295148842631597915748362,0.004985332489013672,0.005013942718505859,0.16194677352905273,646,341,337,0,0,0,0,0,0,0,0,4
316,..34.6....5.1..3..6...7..4.2...6..7.........8.18..5.......9.2.4...6.7.9.9........,123456789457189326689273541234861975596732418718945632371598264845627193962314857,0.11394929885864258,0.060997724533081055,0.19793486595153809,18423,9348,8657,0,0,0,0,0,0,0,0,4
317,.2......9..6.8.1..7......4.2....1.5......5.9...58..6..37.6......4.3.......1..83..,123456789456789132789132546264971853837265491915843627378694215542317968691528374,0.10096859931945801,0.05197024345397949,0.18995356559753418,16002,7911,6952,0,0,0,0,0,0,0,0,4
318,.2...6.8....7..1..7.9.1.........45.8.4..........62..4.3..9.............3.6...5.2.,123456789456789132789213456237194568648537291915628347374962815592841673861375924,0.038999080657958984,0.0229949951171875,0.2479233741760254,6003,3316,2777,0,0,0,0,0,0,0,0,6
319,1....67....71.9...68..7......8.6.9..5....2.4.........2..1.9.8...4......3...3...5.,123456789457189236689273415238564971576912348914837562361795824745628193892341657,0.004984617233276367,0.0049974918365478516,0.033002376556396484,754,382,382,0,0,0,0,0,0,0,0,0
320,12.3.....34....1....5......6.24..5......6..7......8..6..42..3......7...9.....9.8.,129385764348627195765914823672491538483562971951738246894256317216873459537149682,104.3847246170044,50.44992184638977,49.38527703285217,15227030,7369762,7369184,0,0,0,2,0,0,1,0,0
321,...4......5..8.2.6.....7...2...4....3......1...5.3.8.25...6.3.8..6....95..8......,123456789457189236869327154271845963384692517695731842512964378736218495948573621,0.06696748733520508,0.037000417709350586,0.1709451675415039,10405,5546,599,0,0,0,0,0,0,0,0,4
322,1....6.8...71....66.....15..3.9.....7....184.....2........9.41.5....4..8...8..5..,123456789457189236689273154231948675795631842846725391368592417572314968914867523,0.026990175247192383,0.014984607696533203,0.04400014877319336,4266,2033,2033,0,0,0,0,0,0,0,0,0
323,.2....7..4....9.3.6..2.3.4.....1......89.....9....4.6..94....5.5.....6.3.....5...,123456789457189236689273541236518974748962315915734862394627158572841693861395427,0.28191184997558594,0.14295077323913574,0.29390978813171387,39131,20720,20718,0,0,0,0,0,0,0,0,4
324,1...5.7.9..7.......6.......2...........5.1..2....2.39.3.4.9...15...1...3...8...4.,123456789457189236869372154235947618698531472741628395374295861586714923912863547,1.386563777923584,0.7507414817810059,0.4168832302093506,224618,120583,35309,0,0,0,0,0,0,0,0,4
325,..3......4...8..36..83..1...4..6..73...9...1......2.....4.7..686........7.....5..,123456789457189236968327154249561873576938412831742695314275968695814327782693541,0.07096004486083984,0.07397341728210449,0.22992801666259766,11054,5724,4792,0,0,0,0,0,0,0,0,4
326,...4......5...9...6...2..1.2...7.9.1..5....7......8.3...6....9.7...3.1......9.327,123456789457189263689327514268573941345961872971248635536712498792834156814695327,0.050983428955078125,0.0289914608001709,0.1219472885131836,7989,4102,4081,0,0,0,0,0,0,0,0,2
327,...4......5..8.2.6.....71..2...4....3......1...5.3.8.25...6.3.8..6....9...8......,123456789457189236869327154271845963384692517695731842512964378736218495948573621,0.09896731376647949,0.04900026321411133,0.19093823432922363,13599,7363,3336,0,0,0,0,0,0,0,0,4
328,1...5.7.9..71......6.......2...........5.1..2....2.39.3...9...15...1...3...8...4.,123456789457189236869372154235947618698531472741628395374295861586714923912863547,2.2552835941314697,1.3325812816619873,0.5528168678283691,337691,183563,58870,0,0,0,0,0,0,0,0,4
329,1...56....5718...66...7.....9.3............9.8....5..35...17..8..2....1.......4..,123456789457189236689273154296348571345761892871925643534617928762894315918532467,0.39287447929382324,0.21191978454589844,0.30991268157958984,61408,33393,33389,0,0,0,0,0,0,0,0,2
330,1....6.8...7.....66.....15..3.9.........2....7....854.....9.81.8...41..5.1....4..,123456789457189236689273154234915678568724391791638542346592817872341965915867423,0.03797483444213867,0.021008968353271484,0.04998445510864258,5966,3029,3029,0,0,0,0,0,0,0,0,0
331,...4......5..8.2.6.....7...2...4....3......1...5.3.8.25...6.3.8..6..8.9...8......,123456789457189236869327154271845963384692517695731842512964378736218495948573621,0.042987823486328125,0.023992538452148438,0.1729443073272705,6582,3418,1160,0,0,0,0,0,0,0,0,4
332,...4......5..8.2.6.....7...2........3.....51...5.3.8.25...6.3.8..6....9...8.7....,123456789457189236869327154271845963384692517695731842512964378736218495948573621,0.12296056747436523,0.06298208236694336,0.18993616104125977,19392,9881,3461,0,0,0,0,0,0,0,0,4
333,12..5...9.57...2...9..2..1....8..9.47...6.1.......4............57..9.6....6..3...,123456789457189236698327415265831974734962158819574362342615897571298643986743521,0.06296038627624512,0.03800153732299805,0.14893817901611328,9677,6033,6027,0,0,0,0,0,0,0,0,2
334,.2.4...8...7.....3.8.237.1.2.1....9..9....8.4...9......1.8...4.5............6...8,123456789457189263689237415241578396795613824836924571312895647568741932974362158,0.061982154846191406,0.03798532485961914,0.11896324157714844,9466,5439,4184,0,2,0,0,0,0,0,0,2
335,.2.4...8...7.....3...237.1.2.1....9..9....8.48..9......1.8...4.5.8..........6....,123456789457189263689237415241578396795613824836924571312895647568741932974362158,0.04798412322998047,0.03098011016845703,0.11997509002685547,7606,4257,4184,0,2,0,0,0,0,0,0,2
336,.2.4...8...7.....3.8.237.1.2.1....9..9....8.4...9......1.8...4.5.8..........6....,123456789457189263689237415241578396795613824836924571312895647568741932974362158,0.05296754837036133,0.032007455825805664,0.12094473838806152,8046,4577,4184,0,2,0,0,0,0,0,0,2
337,..3..67.........2.79.2......3....6..5....4..76.7..3.453.5..74...............1...8,123456789456789123798231564234578691589164237617923845365897412871342956942615378,0.00901031494140625,0.006001472473144531,0.038984060287475586,1331,717,717,0,0,0,0,0,0,0,0,0
338,..3.5.....5.1..2.66...2..4....8...9..8..1.6.5...6.....7.......4..........6...18.2,123456789457189236698327541246875193389214675571693428732568914815942367964731852,0.06798028945922852,0.04397273063659668,0.13694071769714355,10440,6687,5896,0,3,0,0,0,0,0,0,2
339,..3.56....5.1..2.6....2..4...68...9..8..1.6.5...6.....7.......4..........6...18.2,123456789457189236698327541246875193389214675571693428732568914815942367964731852,0.06597733497619629,0.04198622703552246,0.1319577693939209,9964,6239,5896,0,2,0,0,0,0,0,0,2
340,..3.....945...92....9..3.54....6....6..9..8....5..8.2..1.7................4..5.92,123456789457189236869273154248561973631927845975348621312794568596832417784615392,1.9504010677337646,1.046644926071167,1.06065034866333,310760,166987,166987,0,0,0,0,0,0,0,0,0
341,.....6..9..67...3.79...3....1...7.5...752......5.....2..167..2......14..8........,123456789456789231798213645214937856637528194985164372341675928572891463869342517,0.2739262580871582,0.15494871139526367,0.33487844467163086,44762,24469,24293,0,0,0,0,0,0,0,0,5
342,...4......5..8.2.6.....71..2........3.....51...5.3.8.25...6.3.8..6..8.9...8......,123456789457189236869327154271845963384692517695731842512964378736218495948573621,0.09497332572937012,0.049997806549072266,0.18094372749328613,14760,7679,3442,0,0,0,0,0,0,0,0,4
343,.2.4...8......9..2..9.3............5..8..7....4.5..82...46..21.6.21..4...1......8,123456789456789132879231564231864975568927341947513826384695217692178453715342698,0.3059051036834717,0.16595029830932617,0.19293546676635742,48964,26553,26553,0,0,0,0,0,0,0,0,0
344,........9.5.7...2.7.9..2....1.67..5.......4..8....5....7.31....6....7.3..3..6...1,123456789456789123789132546214673958395821467867945312572318694641297835938564271,0.006997823715209961,0.005998373031616211,0.12495970726013184,1031,554,449,0,1,0,0,0,0,0,0,3
345,....5.7..4.7..9.3..8....1..2.8..7.....4..8....7..9...3......6...4...2.97..2.....1,123456789457189236689723154298317465314568972576294813735941628841632597962875341,0.1629505157470703,0.08497023582458496,0.1709439754486084,25832,13220,12255,0,1,0,0,0,0,0,0,2
346,.2.4.6..9..7......6...2..5......15...1.64...28......1..3.26.....6..1...39....3...,123456789457189236689327451294731568315648972876592314538264197762915843941873625,0.0350041389465332,0.019992351531982422,0.052982330322265625,5683,2974,2912,0,1,0,0,0,0,0,0,0
347,1....67.9.5.........9.....4....9..3.....1....9..6..8.1..27.....7..8...4.8...6.1.7,123456789457189263689237514271598436568314972934672851312745698796821345845963127,0.0189816951751709,0.010994434356689453,0.30991506576538086,2957,1511,998,0,0,0,0,0,9,0,0,4
348,.2..5...9...7.....7.....5..2..........4..8....6..2..91.3.2..9..6...9..13..1.6..2.,123456789456789132789132564215973648394618257867524391538241976672895413941367825,0.19094109535217285,0.10198402404785156,0.13495421409606934,31126,16261,16255,0,1,0,0,0,0,0,0,0
349,.......8...67......8...36.5.4..3..5......4..66....83.4..1.9..2..3...25..9........,123456789456789132789213645247631958398574216615928374561897423834162597972345861,0.02198171615600586,0.014009714126586914,0.045983076095581055,3448,1849,1801,0,1,0,0,0,0,0,0,0
350,..3.9....4...8..36..8...1...4..6..73...9..........2.....4.7..686........7.....5.4,123496785457281936968357142249165873576938421831742659314579268695824317782613594,0.01299428939819336,0.008997917175292969,0.17493057250976562,1985,1087,948,0,0,0,0,0,0,0,0,4
351,..39.....4...8..36..8...1...4..6..738......1......2.....4.7..686........7.....5..,523916784417285936968347125245169873839754612176832459394571268651428397782693541,83.61036801338196,46.07230520248413,46.4212110042572,12491639,6673022,6610021,0,0,0,0,0,0,0,0,2
352,..3......4...8..36..8...1...4..6..73...9..........2.....4.7..686........7..6..59.,123496785457281936968357142249165873576938421831742659314579268695824317782613594,1.3865525722503662,0.7877388000488281,0.7777652740478516,210913,119194,93769,0,0,0,0,0,0,0,0,4
353,..39.....4...8..36..8...1...4..6..73...3...1......2.....4.7..686........7.....5..,123956784457281936968437125241569873579348612836712459394175268615824397782693541,1.1236228942871094,0.6218175888061523,0.7197527885437012,173754,92638,73423,0,0,0,0,0,0,0,0,4
354,..3......4...8..36..83..1...4..6..73...9..........2.....4.7..686........7.....59.,123496785457281936968357142249165873576938421831742659314579268695824317782613594,0.6578052043914795,0.3358936309814453,0.4538395404815674,93696,51556,41356,0,0,0,0,0,0,0,0,4
355,..3......4...8..36..8...1...4..6..73...9..........2.....4.7..686...2....7..6..5..,123496785457281936968357142249165873576938421831742659314579268695824317782613594,0.650794506072998,0.39887261390686035,0.5198323726654053,84780,48056,38224,0,0,0,0,0,0,0,0,4
356,..3..2...4...8..36..8...1...4..6..73...9.......6........4.7..686........7.....59.,913642785427581936568793142149265873875934621236817459354179268692458317781326594,182.77375864982605,110.61976170539856,72.729825258255,26745523,15710475,10221590,0,1,0,0,0,0,0,0,2
357,..3......4...8..36..8...1...4..6..73...9...1......2.....4.7..686....4...7.....5..,123456789457189236968327154249561873576938412831742695314275968695814327782693541,0.09997224807739258,0.05498170852661133,0.20792889595031738,15543,7948,6652,0,0,0,0,0,0,0,0,4
358,..34.....4...8..36..8...1...4..6..73...9..........2.....4.7..686........7.....59.,123496785457281936968357142249165873576938421831742659314579268695824317782613594,1.37856125831604,0.9027004241943359,0.7867465019226074,210915,118071,92938,0,0,0,0,0,0,0,0,4
359,..3..2...4...8..36..8...1...4..6..73...9..........4.....4.7..686........7.....59.,193642785427185936568793142945261873836957421271834659314579268659428317782316594,81.14915704727173,46.21425986289978,35.21179556846619,11414175,6549491,5091095,0,0,0,0,0,0,0,0,4
360,..3.9....1...4..36..8..21...4..8..73...9................4.7..686........7.....5.4,453196782127845936968732145549281673836957421271364859314579268695428317782613594,20.30752682685852,11.606287717819214,8.363349437713623,2920020,1693574,1251097,0,0,0,0,0,0,0,0,4
361,..3......4...8..36..8...1...4..6..73...9.........42..5..4.7..686........7.....5..,123456789457189236968327154249561873576938412831742695314275968695814327782693541,0.0519869327545166,0.02897477149963379,0.2059338092803955,7639,3855,3206,0,0,0,0,0,0,0,0,4
362,..3.9....4...8..36..8...1...4..6..73...9..........2.....4.7..686..4.....7.....5..,123694785457281936968753124249165873831947652576832491314579268695428317782316549,1.9453799724578857,1.1606297492980957,0.9497127532958984,264975,149655,121634,0,0,0,0,0,0,0,0,4
363,..3......4...8..36..8...1...4..6..73...9........7.2..5..4.7..686........7.....5..,123456789457189236968327154249561873576938412831742695314275968695814327782693541,0.12297439575195312,0.06498312950134277,0.22092604637145996,19596,9843,8265,0,0,0,0,0,0,0,0,4
364,12.4..3..3...1..5...6...1..7...9.....4.6.3.....3..2...5...8.7....7.....5.......98,128465379374219856956837142765198423249673581813542967592386714487921635631754298,21.0473051071167,10.386690855026245,10.027808666229248,3004926,1515379,1515379,0,0,0,0,0,0,0,0,0
365,1...5......7..9.3...9..754...4..3.7..6........9.8........79..2......24.3..2......,123456789457189236689327541214963875368275914795841362531794628876512493942638157,0.07897329330444336,0.042989492416381836,0.2698976993560791,12499,6588,6570,0,1,0,0,0,0,0,0,3
366,.23.....94.....1...9..3..4.2..81...4.....78..9...4...23...9...1.6..........5.....,123456789456789123798132546275813964634927815981645372347298651562371498819564237,0.026990175247192383,0.015994787216186523,0.0679774284362793,2841,1398,1398,0,0,0,0,0,0,0,0,0
367,1..4.6..........2..8..3.5.6.6...48.5............5..2.......3.9...7..8....4.6..3.8,123456789456789123789132546261394875375821964894567231518243697637918452942675318,0.003998279571533203,0.004998445510864258,0.10598564147949219,692,379,372,0,1,0,0,0,0,0,0,2
368,..3.5.....567....27..2...4......18..3...2...66...7...453..4...7.......9.......4..,123456789456789132789213645245691873397824516618375924531948267874562391962137458,0.010983467102050781,0.009010791778564453,0.039987802505493164,1785,910,910,0,0,0,0,0,0,0,0,0
369,...4.67....7.....6....7..512......9...5.6.1...91.426..3...........8.......4.1.5..,123456789457189236689273451246731895735968142891542673378625914512894367964317528,0.011995315551757812,0.008983850479125977,0.10196852684020996,1876,962,960,0,0,0,0,0,0,0,0,2
370,1..4....9.56..9.......1..6..6....8..5....4.9.9....5.1..7....2..6....1.5....3.....,123456789456789123798213564264197835531824697987635412379568241642971358815342976,0.0639798641204834,0.022991180419921875,0.053980112075805664,6713,3296,2609,0,1,0,0,0,0,0,0,0
371,1.....7....6.8.1...89.....6.....4.5.6..59...19...1...8..2.........3.....8...6...7,123456789456789132789132546218674953634598271975213468392847615567321894841965327,0.027990341186523438,0.014995098114013672,0.04998612403869629,4575,2191,2178,0,1,0,0,0,0,0,0,0
372,1.....78...6.8.1....9.....6.....4.5.6..59...19...1...8..2.........3.....8...6...7,123456789456789132789132546218674953634598271975213468392847615567321894841965327,0.032989501953125,0.015993356704711914,0.049985647201538086,4585,2203,2178,0,1,0,0,0,0,0,0,0
373,12.3.....4.5...6...7.....2.6..1..3....453.........8..9...45.1.........8......2..7,128396754495271638376845921689124375714539862253768419862457193547913286931682547,11.452351093292236,5.467272520065308,5.363275527954102,1791689,802106,798566,0,0,0,0,0,0,0,0,6
374,5..6......2.....4...1.2.3..9..8.......7.4.1.......9..6..4.7.2...3.....1......5..8,543681972629753841781924365912867534367542189458319726894176253235498617176235498,7.183699131011963,3.4668948650360107,3.3069610595703125,1036528,498120,498120,0,0,0,0,0,0,0,0,0
